name,score,coordinates
北京,3190.8969598649,"116.40799713135,39.903999328613"
南京,2253.985704170737,"118.79699707031,32.060298919678"
厦门,1838.530612537676,"118.11161853752,24.681933109968"
上海,1792.8859364088873,"121.47399902344,31.230400085449"
婺源,1732.9291667468694,"117.86199951172,29.247999191284"
黄山,1590.505842199553,"118.33699798584,29.714700698853"
西安,1384.5041294504535,"108.94000244141,34.341598510742"
青岛,1303.9126131756227,"120.38300323486,36.067100524902"
杭州,1269.7204562296788,"120.1549987793,30.274099349976"
洛阳,1267.423077031935,"112.45400238037,34.618499755859"
重庆,1244.3143939987144,"106.55200195312,29.562999725342"
苏州,1229.1292163930314,"120.58499908447,31.298900604248"
江南,1180.609902215185,"120.322265625,30.031055450439"
中山,1109.0729876463747,"113.3929977417,22.516700744629"
武汉,1068.4970355070534,"114.30500030518,30.593099594116"
香港,982.1080193869534,"114.177775383,22.30180265445"
成都,973.2051953701621,"103.93335223774,30.653610388001"
日本,944.2428732275093,"138.252924,36.204824"
泰山,741.0100031615615,"117.10570525879,36.256680265997"
天津,737.5782372081152,"117.20099639893,39.084201812744"
扬州,692.792220008406,"119.47146862628,32.738648235116"
广州,653.6824355738228,"113.53604589534,23.354201314018"
济南,634.0916849142401,"117.12000274658,36.651000976562"
牡丹,630.2130080883194,"120.78099822998,22.152000427246"
泰国,606.8828590481313,"100.79406738281,15.538375926292"
华山,590.2947151235977,"110.06117248535,34.479190757772"
老街,575.312445057443,"104.00399780273,22.445899963379"
鼓浪屿,527.0820428898847,"118.06455993652,24.441415786743"
东北,499.6657707284904,"124.72579956055,41.318981170654"
无锡,487.23057370207823,"120.31099700928,31.490600585938"
狮子,484.066911048263,"120.73500061035,22.247200012207"
深圳,477.1949192745506,"114.135194529,22.654700919151"
山西,441.86707381910963,"112.56199645996,37.873500823975"
天门,438.8357575735298,"113.16699981689,30.663400650024"
龙门,430.43160763601685,"114.25499725342,23.727699279785"
西塘,430.1569084973805,"120.90331268311,30.942293167114"
西北,398.7859892218251,"102.41455078125,36.703659057617"
桃源,394.7427421917614,"111.48899841309,28.902500152588"
云南,390.4225523765358,"102.70999908447,25.045299530029"
湖南,383.1931712953787,"112.98400115967,28.112400054932"
成功,380.877334515385,"121.35900115967,23.135000228882"
太原,379.3294320378988,"112.54900360107,37.870601654053"
山东,377.1998874462453,"117.01999664307,36.668598175049"
水上,376.03289762586564,"120.42400360107,23.4375"
乌镇,374.98655947194356,"120.49339294434,30.744937896729"
北海,374.3531133942981,"109.12000274658,21.481300354004"
九龙,374.02822523985776,"101.50700378418,29.000299453735"
大连,362.0688869816082,"121.61499786377,38.914001464844"
开封,361.042500399624,"114.30799865723,34.797199249268"
宏村,357.99896267469535,"117.9845199585,30.005805969238"
龙门石窟,354.76419374622424,"112.47077178955,34.558242797852"
比如,354.4513964608242,"93.67960357666,31.480199813843"
台湾,348.6161510378402,"120.96099853516,23.697799682617"
大同,342.4846229277043,"113.30000305176,40.076801300049"
青海,328.3071602916074,"101.7799987793,36.620899200439"
长沙,321.35346067526797,"112.93900299072,28.228200912476"
澳门,317.0625495526889,"113.54794442654,22.196464876211"
桂林,310.63836703593813,"110.29000091553,25.273599624634"
郑州,307.06507512310554,"113.625,34.746601104736"
韩国,306.13746780584137,"127.99072265625,36.65960622648"
四川,305.8159973815885,"104.07599639893,30.651699066162"
西藏,301.50333154117806,"91.117202758789,29.646900177002"
大名,293.911688650677,"115.14800262451,36.285598754883"
盘山,293.183098022939,"117.276575,40.079334"
亚洲,289.50264793533324,"99.4921875,35.173808318"
河南,287.8578950154061,"113.75399780273,34.76549911499"
首尔,286.54006402268305,"126.97799682617,37.566501617432"
上高,285.7925072820997,"114.92400360107,28.232799530029"
庆源,279.417999252563,"118.00238800049,29.461360931396"
阳朔,265.5884882860693,"110.49700164795,24.778499603271"
东京,265.4902958631996,"139.72791907344,35.702414015871"
三亚,262.87723915421964,"109.5120010376,18.252799987793"
湖北,256.00300143860943,"114.34200286865,30.545900344849"
新加坡,254.7221973742812,"103.85135650635,1.279457554351"
黄河,252.64428438227876,"96.85546875,35.353216101238"
大树,249.56913262698836,"120.42400360107,22.708400726318"
陕西,246.918501172418,"108.95400238037,34.26549911499"
河北,243.86691424631644,"114.46900177002,38.037101745605"
平遥,239.54137926206687,"112.17600250244,37.189601898193"
印度,237.230580791004,"79.8046875,23.07973176245"
福州,232.07074104985,"119.30499225855,26.065881133143"
广东,230.3722936866476,"113.26699829102,23.132200241089"
沈阳,226.40234436787998,"123.43099975586,41.805698394775"
大理,224.89592204167656,"100.2679977417,25.60650062561"
浙江,223.9286737567926,"120.15299987793,30.267400741577"
西宁,223.11044466595462,"101.77799987793,36.617099761963"
江西,222.63287502932045,"115.90899658203,28.67440032959"
丽江,221.68014629048724,"100.22799682617,26.854999542236"
安徽,218.10240432078476,"117.28500366211,31.861200332642"
泸沽湖,215.01511575553508,"100.76808929443,27.679468783136"
福建,211.2545529090165,"119.29699707031,26.099899291992"
徽州,210.04171134245263,"118.43647766113,29.866771697998"
太湖,209.45376449293119,"120.21864318848,31.198038101196"
汉中,208.0347331007987,"107.02300262451,33.067501068115"
九江,204.78757285257683,"116.00199890137,29.705099105835"
花都,204.16327214894451,"113.2200012207,23.40419960022"
青海湖,202.1200347638129,"100.17428588867,36.814224243164"
屯溪,200.25553871047032,"118.33699798584,29.714700698853"
张家界,200.02060776854907,"110.47899627686,29.117099761963"
绍兴,198.6093034244461,"120.58599853516,29.995800018311"
凤凰古镇,197.81869149434868,"109.59899902344,27.947999954224"
昆明,193.34808013391842,"102.83300018311,24.880199432373"
水里,187.88350679448672,"120.86100006104,23.791999816895"
敦煌,185.95418314490456,"94.661903381348,40.142101287842"
北戴河,180.12487242628617,"119.49543762207,39.835224151611"
阆中,179.02519975164012,"106.00499725342,31.558399200439"
通道,178.54949127141288,"109.78399658203,26.158100128174"
衡山,176.38413002687903,"112.88679504395,27.21830368042"
九寨沟,175.32810689831012,"104.2440032959,33.252101898193"
俄罗斯,174.8319740256359,"98.96484375,62.062733258847"
清华镇,174.02130516041072,"117.78189086914,29.41477394104"
朝阳,171.99799523193727,"120.44999694824,41.573699951172"
牛背山,167.90437807732178,"102.37762451172,29.784929945768"
新建,167.15958975255353,"115.81500244141,28.692399978638"
广西,166.369436730252,"108.32800292969,22.815500259399"
哈尔滨,166.1506150247215,"126.53500366211,45.803798675537"
道真,165.80906474802185,"107.6129989624,28.862400054932"
东南亚,165.51046324566508,"103.58810546875,15.73926823243"
和平,165.0266142990981,"114.93900299072,24.442199707031"
菩萨,160.89126053864618,"103.91699981689,12.53330039978"
景德镇,160.8157566325286,"117.17800140381,29.268800735474"
江苏,159.23133332313026,"119.45570107934,32.973388393997"
云冈石窟,158.81569699363374,"113.30000305176,40.076801300049"
日光,157.600098012101,"139.6982161,36.7199026"
贵州,155.1521742121196,"106.70700073242,26.59819984436"
欧洲,153.01154760599442,"14.685974121094,49.037867945326"
恩施,147.52817686184048,"109.4879989624,30.272199630737"
埃及,144.06320823162187,"29.8828125,26.647458702659"
大关,143.75198759041706,"103.89099884033,27.747999191284"
樟树,142.31360992751758,"115.54599761963,28.05590057373"
南昌,139.94179847979288,"115.85800170898,28.683200836182"
越南,138.52127219249806,"108.193359375,14.509144353358"
海南,137.51096260133588,"110.34899902344,20.017400741577"
朝鲜,136.49626602217995,"126.64489746094,39.728313410297"
泰安,136.01566249063458,"117.08799743652,36.200298309326"
德国,131.1643843663054,"10.451526,51.165691"
长春,129.78888376041272,"125.32399749756,43.817100524902"
石家庄,129.60583628762623,"114.51499938965,38.042301177979"
南海,129.15614853523257,"114.48654296875,15.781561458461"
暹粒,128.62499462336766,"104.09999847412,13.691499710083"
恒山,126.50870545996777,"113.74519348145,39.668006896973"
荔波,126.49834086254816,"107.8870010376,25.411199569702"
兴化,125.89026420475227,"119.85299682617,32.910499572754"
大城,123.7535035572066,"100.56900024414,14.353199958801"
吉林,123.43164250989072,"125.32599639893,43.896099090576"
都江堰,123.15155170880035,"103.64700317383,30.988399505615"
武夷山,122.60240447492788,"118.03500366211,27.75659942627"
石林,122.50469640328743,"103.27100372314,24.759099960327"
和美,121.11739705255206,"120.51682281494,24.124846212065"
同里,121.11495073355465,"120.72298431396,31.160140991211"
峨眉山,121.09241636083804,"103.48500061035,29.60120010376"
唐山,120.27165753671713,"118.3391638349,39.736910193078"
清迈,120.10799546239292,"98.993103027344,18.787700653076"
法国,119.60831334684497,"2.43896484375,46.604167162932"
野三坡,119.18646970124044,"115.37494659424,39.593570709229"
庐山,116.20578094486116,"115.96501922607,29.52571105957"
乐山,115.9216305417226,"103.76599884033,29.552099227905"
弥勒,114.340922207714,"103.41500091553,24.41189956665"
从江,114.31954821125228,"108.9049987793,25.753000259399"
合肥,112.85635649461723,"117.22699737549,31.821399688721"
保定,112.13735334688612,"115.46499633789,38.873901367188"
香格里拉,111.1264597158865,"99.700897216797,27.829700469971"
少林寺,110.46585503571896,"112.93882751465,34.503925323486"
平和,109.18782041101707,"117.31500244141,24.363399505615"
湘西,108.6021752673775,"109.73899841309,28.311899185181"
蒙古,107.38247762128624,"103.2145703125,46.762357494374"
宁波,107.36143354841951,"121.54399871826,29.868299484253"
阳西,107.09423760598585,"111.61799621582,21.75239944458"
大兴,106.8897789293104,"116.34100341797,39.726898193359"
柬埔寨,105.50539140178394,"105.13366699219,12.517028057234"
长乐,105.0321741920624,"119.52300262451,25.96310043335"
三峡,104.79741508449423,"111.09419250488,30.846841812134"
曼谷,104.75523537263176,"100.5240020752,13.727899551392"
大方,104.52513420148573,"105.6129989624,27.141500473022"
新城,103.28091951913038,"121.60800170898,24.051399230957"
希腊,102.38979726874236,"22.6318359375,39.393754592243"
武当山,100.89766813848395,"111.09410858154,32.499250478192"
辽宁,100.05192668653324,"123.42900085449,41.835399627686"
天水,99.54536275908205,"105.72499847412,34.580898284912"
东莞,98.78803863735216,"113.75199890137,23.020500183105"
京都,98.30291082371052,"135.7680294,35.0116363"
珠海,97.82682268223051,"113.577003479,22.270700454712"
春日,96.53804274364784,"120.68900299072,22.385200500488"
沙巴,95.9990293390793,"116.79699707031,5.4204001426697"
吉首,95.6444835604334,"109.69799804688,28.262399673462"
惠州,95.01395763792705,"114.41600036621,23.111799240112"
平江,94.4340122889854,"113.58100128174,28.701900482178"
山海关,93.40934297356756,"119.7837677002,39.987014770508"
意大利,93.20866226623131,"12.4365234375,42.980539547516"
遵义,92.88212005808866,"106.92700195312,27.725700378418"
乔家大院,92.55164459523752,"112.33499908447,37.358299255371"
宜昌,92.21129896552478,"111.28600311279,30.691999435425"
西递,91.33385019076485,"117.97283172607,29.892179489136"
日照,91.18139174824984,"119.52700042725,35.416400909424"
皖南,90.58564807119095,"118.32942962646,29.870939254761"
林芝,90.11074591274964,"94.361503601074,29.649099349976"
长寿,89.86249776385576,"107.08100128174,29.857999801636"
泉州,89.82652671543072,"118.67500305176,24.874700546265"
佛山,89.05239580402166,"113.12100219727,23.021499633789"
文成,88.06627818432257,"120.09100341797,27.787000656128"
金沙,87.85400575066326,"28.040199279785,43.281200408936"
五台山,87.5223387398323,"113.67504119873,39.028118133545"
吴哥窟,87.46227403658968,"103.86195659637,13.437709413814"
曲阜,86.66596457519216,"116.98699951172,35.581100463867"
山口,86.20823800648368,"131.4737269,34.178496"
滨海,86.06258759856394,"117.20099639893,39.084201812744"
千岛湖,85.96289915244617,"118.97298431396,29.6022605896"
磁器口,85.38784056426441,"106.44999694824,29.580600738525"
柳州,85.23833421949853,"109.41600036621,24.325500488281"
八宝,85.08036656223328,"105.43064117432,23.741354702939"
罗马,84.61332744631669,"12.571166992188,41.923782348633"
临江,84.59181105069499,"126.91799926758,41.812000274658"
宜兴,83.93026563464511,"119.82299804688,31.340700149536"
天柱山,83.61439245634288,"116.47937011719,30.723686218262"
巴黎,83.38752433592781,"2.3423297405243,48.856643676758"
新安江,82.72417640450539,"118.62167358398,29.857406616211"
秦岭,82.6240185846559,"106.04070281982,34.242936220091"
丹东,82.33745593333747,"124.35500335693,40.000499725342"
周庄,81.62119062454437,"120.85452270508,31.125032424927"
漓江,81.52164336871616,"110.30659675598,25.288240478765"
龙泉,81.00069498266835,"119.14099884033,28.074600219727"
嵩山,80.62740564300668,"113.04244232178,34.521938323975"
横店,80.3033064064513,"120.31293487549,29.143981933594"
云台山,79.66199485741198,"113.32435607911,35.421173987375"
衢州,79.54934119457003,"118.85900115967,28.970100402832"
白玉,77.85138107572354,"98.824203491211,31.209899902344"
兰州,77.4973861758658,"103.83399963379,36.061298370361"
纳木错,77.31408002432407,"90.671691894531,30.755533218384"
汶川,76.5653891627703,"103.58999633789,31.476800918579"
三星,76.46465339638794,"121.66300201416,24.674499511719"
安康,76.42574631409056,"109.02899932861,32.684700012207"
桃园,76.14634576074911,"121.31099700928,24.988899230957"
永安,75.66164593152772,"117.36499786377,25.941900253296"
顺德,75.62905288104294,"113.29299926758,22.805200576782"
石门,75.09468597539065,"111.37999725342,29.584299087524"
王家大院,74.33400605917093,"111.77799987793,36.847801208496"
涠洲岛,74.01291913995989,"109.11721801757,21.042593806877"
普吉岛,73.83700644979602,"98.363899230957,7.9810500144959"
西双版纳,73.7555377182684,"100.797996521,22.007400512695"
平湖,73.64661172243876,"121.01599884033,30.675800323486"
石潭,73.34472230680117,"117.9969329834,29.63595199585"
塔林,73.11118081454848,"24.75359916687,59.437000274658"
威尼斯,72.88335972036097,"12.323349952697,45.436755630748"
信阳,72.09065492407152,"114.09100341797,32.146999359131"
子洲,71.84181647845314,"110.03500366211,37.610698699951"
箱根,71.36966028957573,"139.1069375,35.2323553"
天柱,70.96208541475677,"109.20800018311,26.909799575806"
南浔,70.32938978817425,"120.40605163574,30.853755950928"
平山,69.98787242435954,"113.97899627686,38.265800476074"
密云,69.94990501345369,"116.84300231934,40.376300811768"
沙拉,68.516486537625,"14.267807006836,36.050486851382"
江山,68.48468829476516,"118.62699890137,28.737199783325"
永宁,68.18377096070566,"106.25299835205,38.277400970459"
郭亮,68.01886840393607,"113.59024047852,35.733402252197"
怀柔,67.94404923010646,"116.63200378418,40.316600799561"
拉萨,67.87768469820503,"91.140899658203,29.645599365234"
安吉,67.67503856611785,"119.68000030518,30.638299942017"
阳高,67.32059445726387,"113.75399780273,40.366199493408"
霞浦,67.02896296215472,"120.0059967041,26.885200500488"
新疆,66.77594658350425,"87.627799987793,43.792999267578"
登封,66.68185750445265,"113.05000305176,34.453701019287"
贵阳,66.53342628610655,"106.62999725342,26.647399902344"
千山,66.20722357119325,"122.94355773925,41.066395405483"
文昌,66.15875431502269,"110.797996521,19.543399810791"
天长,66.13958412475863,"119.00399780273,32.689399719238"
台北,65.92434100975666,"121.56411743164,25.037609913774"
色达,65.58949698969388,"100.33300018311,32.268100738525"
紫金,65.58922374383172,"115.18199920654,23.638399124146"
荆州,65.44659830304893,"112.23999786377,30.335199356079"
新都桥,65.42825141209744,"101.48694610596,30.115463256836"
利川,65.35532275946186,"108.93599700928,30.291000366211"
铜锣,64.66910347979697,"120.79329681397,24.448924854216"
曲水,63.73323943882337,"90.743896484375,29.353099822998"
黟县,63.311951553555524,"117.93800354004,29.924800872803"
兴义,62.70228606861682,"104.89499664307,25.092100143433"
汉阴,62.54029472984035,"108.50900268555,32.893001556396"
秦皇岛,62.30674677260765,"119.59999847412,39.935398101807"
天台,62.29797950862665,"121.00700378418,29.144100189209"
咸阳,61.30435963373827,"108.70899963379,34.329601287842"
绵山,60.7863035661491,"112.01889065625,36.895359"
内蒙古,60.66195594135761,"111.76599884033,40.817501068115"
金山,60.65004295999322,"121.61699676514,25.236600875854"
鞍山,60.60694908897553,"122.99500274658,41.108501434326"
江北,60.555354864936675,"106.55200195312,29.562999725342"
甘肃,60.38995968201296,"103.82599639893,36.059398651123"
青州,59.95069620766481,"118.48000335693,36.684501647949"
延吉,59.529725829538066,"129.51400756836,42.907001495361"
雅安,59.44212938964739,"103.01300048828,29.980499267578"
银川,59.198484177195226,"106.23100280762,38.487201690674"
清东陵,59.016527463769684,"117.63893885189,40.185913594482"
釜山,58.925674412304055,"129.07600402832,35.179599761963"
慈城,58.310915503111666,"121.44665527344,29.989925384521"
腾冲,58.24982863760853,"98.48999786377,25.020599365234"
都安,57.97187856797525,"108.10500335693,23.932699203491"
怀化,57.611333552400254,"109.99800109863,27.555000305176"
花溪,57.582325692289295,"106.6694594,26.4627305"
台儿庄,57.501169354901116,"117.73097991943,34.554683685303"
青城山,57.166669808921434,"103.24224090576,30.927225112915"
菲律宾,57.01409251868525,"122.59643554688,12.40438894467"
青松,56.34039811888413,"129.06158447266,36.331005096436"
浦江,56.01943203956857,"119.89199829102,29.452499389648"
南靖,55.56645025744513,"117.3570022583,24.514699935913"
岳麓山,55.55821011000985,"112.93627929688,28.183740615845"
康定,55.455844684821116,"101.95700073242,29.998399734497"
龙脊梯田,55.40346189680627,"110.09429168701,25.741052627563"
东海,55.23797127997521,"125.88134765625,30.429729575032"
非洲,55.17036366499299,"14.0625,14.604847155054"
武功山,53.95941932987983,"114.173419,27.455073"
锦州,53.93874437513032,"121.12699890137,41.095100402832"
缅甸,53.91899201870661,"96.383056640625,21.166483858207"
新乡,53.879936685359624,"113.92700195312,35.303001403809"
白城,53.0145457309888,"122.83899688721,45.619598388672"
汕头,52.78228310450035,"116.68199920654,23.353300094604"
西昌,52.72679400738923,"102.26399993896,27.894500732422"
雁荡山,52.453276377929896,"121.04306793213,28.363924026489"
图们,52.24318964005084,"129.84399414062,42.967998504639"
南屏,52.07172120486456,"117.90381622314,29.900356292725"
象山,51.64448000152057,"121.8690032959,29.476699829102"
海口,51.35209362736826,"110.32900238037,20.030799865723"
芜湖,51.32174707914406,"118.43299865723,31.352899551392"
马来西亚,50.99624294926962,"101.953125,3.7107820043487"
汉堡,50.923528190523776,"9.9936800003052,53.55110168457"
三清山,50.89318494668089,"118.06247234344,28.900293287583"
正阳,50.35500736517482,"114.3929977417,32.605899810791"
束河,50.27094456384945,"100.20874786377,26.917596817017"
歙县,50.152854604292365,"118.41500091553,29.860300064087"
赤壁,50.132958590914285,"113.90100097656,29.724700927734"
镇远,50.12741078308153,"108.43000030518,27.049100875854"
湖西,49.978694529809744,"119.66699981689,23.583299636841"
马尼拉,49.42706491915517,"120.98400115967,14.599499702454"
蓝田,49.276763345869334,"109.32299804688,34.151298522949"
玉门,49.139618433082774,"97.045501708984,40.291801452637"
白沙,49.092514723661424,"109.45099639893,19.224899291992"
临潼,49.03495408048096,"109.21399688721,34.367298126221"
徐州,48.86765659091528,"117.28399658203,34.2047996521"
建水,48.63954474634584,"102.827003479,23.634700775146"
荷兰,48.32627385488586,"5.2912697792053,52.132598876953"
潍坊,48.21525824915472,"119.16200256348,36.706798553467"
丹巴,47.91107207347101,"101.88999938965,30.87859916687"
玉龙雪山,47.71196271928842,"100.25676727295,27.098330314881"
太行山,47.541964563326424,"112.94011688232,37.657101480028"
方城,47.45170230168785,"113.01300048828,33.25479888916"
蔚县,47.43542956258828,"114.58899688721,39.840801239014"
马山,47.166927027850114,"108.17700195312,23.708200454712"
紫阳,46.6087739641022,"108.53399658203,32.520198822021"
山南,46.35388262529065,"91.773101806641,29.237100601196"
前童,46.08791004031443,"121.34725952148,29.228343963623"
高崎,45.926633396388596,"139.0032936,36.3219088"
尤溪,45.768712810106834,"118.19000244141,26.1702003479"
塔川,45.631799926230926,"117.93183135986,29.956443786621"
北斗,44.62247111462607,"120.53392791748,23.869520340665"
石台,44.62124412448705,"117.48600006104,30.210399627686"
库布齐沙漠,44.600027719255735,"108.57255554199,40.375847801466"
浑源,44.41836006883764,"113.69000244141,39.699001312256"
萧山,44.36649311483318,"120.26399993896,30.182699203491"
安庆,44.32713456960736,"117.05699920654,30.524900436401"
贡嘎,44.181439933385256,"101.87656402588,29.594505890725"
黄龙,44.11096265229509,"104.02573394775,32.673946380615"
嘉兴,43.91301992344699,"120.75900268555,30.753900527954"
黄岛,43.617862401305246,"120.19976806641,35.954998016357"
龙游,43.57494248436252,"119.17199707031,29.028299331665"
焦作,43.41224463506587,"113.24199676514,35.215900421143"
双流,43.28249020644332,"103.92400360107,30.574199676514"
安阳,43.251696670578525,"114.3929977417,36.097599029541"
川西,42.68921177460764,"100.5029296875,29.869228363037"
崂山,42.28814412515744,"120.60125827789,36.13260645842"
大阪,41.91217410208081,"135.5021651,34.6937378"
小金,41.84417409307357,"102.36399841309,30.999000549316"
大通,41.3942627479612,"117,32.625499725342"
西江,41.38304679400653,"108.18428039551,26.48034286499"
海螺沟,41.32243996949122,"102.04718218789,29.566116369283"
樟木,40.993688837050364,"85.983253479004,27.987321853638"
上饶,40.934563719512454,"117.94300079346,28.454900741577"
岘港,40.92661770135701,"108.21499633789,16.051599502563"
肇庆,40.87560036382247,"112.46499633789,23.047199249268"
桐乡,40.651106753792526,"120.56500244141,30.630100250244"
古县,40.00331304689294,"111.91999816895,36.266899108887"
白银,39.90542171599945,"104.13800048828,36.544799804688"
代县,39.576548762700476,"112.95999908447,39.066898345947"
兰卡威,39.02099055091399,"99.800003051758,6.3499999046326"
威海,38.96907577014295,"122.12000274658,37.51309967041"
和龙,38.807986219756174,"129.00999450684,42.546699523926"
潮州,38.78340678220818,"116.62300109863,23.656900405884"
蒲江,38.711801444367474,"103.5059967041,30.196800231934"
番禺,38.611927396971296,"113.38400268555,22.93630027771"
仁川,38.55065733369211,"126.70500183105,37.456298828125"
东戴河,38.47932300774804,"119.8962020874,40.006450653076"
三门,38.32803307582951,"121.39600372314,29.103700637817"
珲春,38.30597907997365,"130.36599731445,42.862800598145"
烟台,38.08456153310911,"121.44799804688,37.463798522949"
景洪,37.95133357911335,"100.77200317383,22.000099182129"
会安,37.77117974958314,"108.33799743652,15.880100250244"
嘉善,37.6770451256476,"120.92600250244,30.830900192261"
南宁,37.54022441096927,"108.36599731445,22.817199707031"
黔东南,37.5013202079888,"107.98300170898,26.583499908447"
关西,37.368825670033495,"135.50216674805,34.693737030029"
来安,37.17943470703574,"118.43599700928,32.452201843262"
江宁,37.13672280468364,"118.83999633789,31.952899932861"
瑞士,36.91902793664226,"8.15185546875,46.724800374667"
三江,36.71667038556638,"109.60800170898,25.783199310303"
南怡岛,36.558826876799664,"127.52590942383,37.791530609131"
水城,36.248265326933456,"104.95800018311,26.547899246216"
社旗,36.19897371197885,"112.94799804688,33.056098937988"
武隆,36.18727255971775,"107.76000213623,29.325500488281"
石城,36.12665439027256,"118.20894241333,28.797524051657"
承德,36.04479895794924,"117.96199798584,40.9541015625"
麻阳,35.91142048619734,"109.80300140381,27.86549949646"
吉林市,35.85560882566661,"126.55000305176,43.837898254395"
共和,35.80116725275907,"100.62000274658,36.284099578857"
晋中,35.63758086179753,"112.75299835205,37.687000274658"
蓬莱,35.61222933860872,"120.75900268555,37.810699462891"
元谋,35.273226182500856,"101.875,25.704299926758"
喜洲,35.179976398990604,"100.13069915771,25.850337982178"
松江,35.076766815578196,"121.22799682617,31.032199859619"
武陵源,34.969162597338986,"110.52550125122,29.338966439685"
奈良,34.90784358099513,"135.8050002,34.6850869"
浪卡子,34.698862064679076,"90.398002624512,28.968000411987"
徽杭古道,34.59578479257986,"118.62679122481,30.074540994695"
镇江,34.58362632300042,"119.42600250244,32.187801361084"
楠溪江,34.47096679842005,"120.78059387207,28.461982727051"
丹麦,34.427267967465866,"9.95361328125,55.491303628204"
蓟县,34.38274741674797,"117.40799713135,40.0458984375"
元阳,34.043185338856816,"102.83499908447,23.219900131226"
常熟,33.86362230095573,"120.75299835205,31.653600692749"
土耳其,33.727482329915254,"35.243301391602,38.96369934082"
石柱,33.60917097278151,"108.11399841309,29.999300003052"
常州,33.582809879482355,"119.97399902344,31.81010055542"
松潘,33.39262283606091,"103.60500335693,32.655300140381"
坎布拉,33.37079508661325,"101.74826812744,36.115337371826"
青岩古镇,33.279044599160535,"106.68699645996,26.318000793457"
定州,33.25925287688801,"114.98999786377,38.516201019287"
延庆,33.215677770577784,"115.97499847412,40.456699371338"
洞里萨湖,32.88612439932955,"104.08283996582,12.883862495422"
梵净山,32.879334197862306,"108.6452293396,27.91067452039"
四姑娘山,32.62709744703421,"102.77680206299,31.047704696655"
富士山,32.57648483438038,"138.73713684082,35.357217535157"
南通,32.16735206181498,"120.89399719238,31.980199813843"
兴隆,32.16118059348645,"117.50099945068,40.417400360107"
高台,32.05419608394434,"99.819297790527,39.377700805664"
临海,32.01710813991137,"121.14499664307,28.858499526978"
毕棚沟,31.579033252719928,"102.98613739014,31.407257080078"
凌云,31.567080155740193,"106.56099700928,24.34760093689"
阿坝,31.54707471292217,"102.22499847412,31.89940071106"
咸丰,31.540407330900425,"109.13999938965,29.665199279785"
云水谣古镇,31.448620190684277,"117.0950012207,24.656824111938"
光泽,31.41106146914825,"117.33399963379,27.541000366211"
延安,31.398112119112948,"109.48999786377,36.585498809814"
长岛,31.373646497864474,"120.73699951172,37.921398162842"
临汾,31.261198077645997,"111.51899719238,36.08810043335"
岳阳,31.226840602951594,"113.12899780273,29.357099533081"
衡阳,31.21689820937746,"112.57199859619,26.893199920654"
比萨,31.172832752773086,"10.667998313904,43.503093719482"
阳春,30.99946583401629,"111.79199981689,22.170400619507"
始兴,30.979657718078904,"126.7784576416,37.397994995117"
金门,30.883134128021307,"118.37976837158,24.4499337352"
瑶里,30.66949186032134,"117.56448364258,29.515619277954"
怀远,30.654920208253134,"117.20500183105,32.970001220703"
贵德,30.51351524548307,"101.43299865723,36.040100097656"
金华,30.34092155646843,"119.64700317383,29.079099655151"
尼泊尔,30.091013943719314,"84.3310546875,27.955591004643"
玉环,30.040536028730504,"121.2320022583,28.135900497437"
郴州,30.00281554017324,"113.01499938965,25.770500183105"
芭提雅,30.002726315398373,"100.88978659922,12.918784888965"
唐古拉山,29.93871373663907,"92.458955078125,28.463752469501"
五指山,29.850986521259586,"109.6372833252,18.869791030884"
于都,29.80023456690271,"115.41600036621,25.952100753784"
安昌,29.772550165212987,"120.49759674072,30.136520385742"
李家山,29.713123187676672,"111.21836090088,37.931537628174"
广元,29.65524288251117,"105.84300231934,32.435398101807"
北海道,29.59352407250175,"141.34700012207,43.064601898193"
溪口,29.560001252539077,"119.2756729126,28.362127304077"
济州岛,29.426372731820045,"126.49800109863,33.488998413086"
延边,29.4124136413922,"129.50900268555,42.891300201416"
枸杞岛,29.34518075364555,"122.76921844482,30.710597991943"
聊城,29.299727918017016,"115.98500061035,36.456699371338"
家朋,29.271303197532593,"118.8168182373,30.236717224121"
庆和,29.190104886011845,"108.90299987793,12.223400115967"
黄石,29.163461299967953,"115.03900146484,30.199699401855"
淡水,29.15198398895991,"121.46083831787,25.191104888916"
巍山,29.080551212044217,"100.30699920654,25.227199554443"
棠樾,29.06644700282585,"118.37300872803,29.867950439453"
乐亭,29.05152409600495,"118.91300201416,39.425598144531"
叶县,29.050676633034005,"113.35800170898,33.627101898193"
冲绳,29.002450916745104,"127.6809317,26.2124013"
晋城,28.967382743483345,"112.85199737549,35.490699768066"
普陀山,28.883947853426953,"122.3925447464,30.000026863339"
临安,28.79159895073072,"119.72499847412,30.23390007019"
卢村,28.628783451448978,"117.98076629639,30.006288528442"
福鼎,28.556938885506035,"120.21700286865,27.324499130249"
邯郸,28.542984063592574,"114.53900146484,36.625598907471"
萨瓦,28.490122967015715,"6.445481300354,45.477638244629"
涪陵,28.413526177663414,"107.38899993896,29.703100204468"
晋江,28.385546100203136,"118.55200195312,24.781700134277"
芽庄,28.360713126011163,"109.18849010902,12.253977297243"
若尔盖,28.338186981207574,"102.96199798584,33.575901031494"
佛罗伦萨,28.16263305542049,"11.292210578918,43.818508148193"
盐城,28.13475718550357,"120.17342042612,33.517650097436"
奉贤,28.104120991527914,"121.47399902344,31.230400085449"
运城,27.959803318256732,"111.00800323486,35.026401519775"
斯里兰卡,27.930737811772513,"80.694580078125,7.5912179709428"
都匀,27.925212632142113,"107.51899719238,26.259399414062"
三明,27.851395598346734,"117.63899993896,26.263399124146"
芙蓉镇,27.74295165368975,"109.94499969482,28.74458694458"
来凤,27.732823491635745,"109.40799713135,29.493499755859"
方山,27.677802459569058,"111.2440032959,37.894599914551"
汾河,27.647470610788652,"112.53333690643,37.853071341863"
里拉,27.613383883599127,"23.13330078125,42.13330078125"
杨柳青,27.235405637472077,"117.20099639893,39.084201812744"
旅顺,27.062263952202482,"121.2620010376,38.851699829102"
张家口,27.026630354522876,"114.88800048828,40.824401855469"
永定,26.941153286757235,"116.7320022583,24.724000930786"
尼斯,26.918000355907914,"7.2655901908875,43.695999145508"
龙岩,26.88905593664665,"117.0179977417,25.075099945068"
东至,26.84209011523011,"117.02799987793,30.111200332642"
庄河,26.830578391490334,"122.96700286865,39.681198120117"
铁门关,26.823967828247728,"85.496505615234,41.826744833759"
长滩岛,26.80925995176272,"121.92551422119,11.970750808716"
湖州,26.809126712805856,"120.08699798584,30.894300460815"
福冈,26.778337295737693,"130.418297,33.6065756"
凯里,26.743914809211944,"107.98100280762,26.566900253296"
丽水,26.725164101386852,"119.922996521,28.467599868774"
望江,26.692545247920734,"116.69400024414,30.124399185181"
下关,26.501905141402407,"130.941459,33.9578307"
宁武,26.40661519718345,"112.30500030518,39.001499176025"
上杭,26.400985024139985,"116.41999816895,25.049499511719"
里加,26.38118502184216,"24.104157,56.94781"
台州,26.34943615392417,"121.42099761963,28.656400680542"
清康,26.254602778563523,"101.75199890137,17.833400726318"
独山,26.20252028174791,"107.54499816895,25.822099685669"
仙台,26.14111002300241,"140.8693558,38.268215"
自贡,25.953676881900748,"104.77799987793,29.339000701904"
光复,25.859112868835503,"121.422996521,23.635099411011"
五峰,25.791660343734932,"110.67500305176,30.199699401855"
韶关,25.71979933173726,"113.59799957275,24.810400009155"
华欣,25.528657766760865,"99.713564816626,12.530237276931"
应县,25.49060789442193,"113.19100189209,39.55419921875"
爨底下,25.48119597073104,"115.64404010772,39.997224819111"
布袋,25.45815927354581,"120.16999816895,23.362800598145"
三水,25.431982528382697,"112.89700317383,23.155899047852"
爱琴海,25.40318838379879,"25.14572265625,38.984935703055"
永和,25.388056981377424,"110.63200378418,36.759498596191"
休宁,25.35364081224489,"118.19899749756,29.789100646973"
蛟河,25.32231178673985,"127.34400177002,43.723701477051"
华蓥,25.305446784319933,"106.78299713135,30.390399932861"
开平,25.24213105769785,"112.69899749756,22.376499176025"
全州,25.195120312166328,"127.14800262451,35.824199676514"
海城,25.04458498062875,"122.68499755859,40.882400512695"
碛口,25.029394705491168,"110.81076812744,37.637722015381"
舞阳,24.887290566029648,"113.60900115967,33.437900543213"
开罗,24.887146060617283,"31.216800689697,30.329200744629"
广安,24.880689379238923,"106.63300323486,30.45599937439"
武威,24.708760813522574,"102.63800048828,37.928298950195"
绩溪,24.693804543808803,"118.57900238037,30.067499160767"
澄江,24.661126419877284,"102.90799713135,24.673700332642"
呼和浩特,24.573484084842555,"111.74900054932,40.842300415039"
郧西,24.389250317431692,"110.42600250244,32.993198394775"
巴里,24.36467445625269,"16.752000808716,40.931762695312"
遵化,24.287826744398227,"117.96600341797,40.18920135498"
沙县,24.169173969389853,"117.79199981689,26.397300720215"
大新,24.05075711876032,"107.20099639893,22.829299926758"
北欧,23.897372486635877,"15.6755078125,62.749638763282"
台东,23.771254959194394,"121.0758895874,22.802423446085"
五台,23.660796280506286,"113.25499725342,38.728298187256"
民和,23.52601808341291,"102.83100128174,36.320499420166"
奥林匹亚,23.51824928843853,"23.722354888916,40.481384277344"
柳江,23.474787669039817,"109.32599639893,24.254600524902"
长白,23.18649362204127,"128.20100402832,41.420101165771"
洱源,23.13276311678214,"99.951103210449,26.111200332642"
大渡河,23.067197750095566,"102.184009552,30.037742946534"
十堰,23.04183499163461,"110.797996521,32.629398345947"
安顺,23.01756385994888,"105.94799804688,26.253099441528"
襄阳,22.84231853927287,"112.12200164795,32.00899887085"
攀枝花,22.82533482592643,"101.71900177002,26.582300186157"
天镇,22.692831081506327,"114.09100341797,40.420398712158"
藁城,22.675786799717145,"114.84700012207,38.021701812744"
元通,22.654831363390546,"103.62658691406,30.732044219971"
素可泰,22.629326855696217,"99.826400756836,17.005599975586"
常德,22.57521125926202,"111.69799804688,29.031700134277"
从化,22.56934473278006,"113.58599853516,23.548400878906"
固安,22.46416863794712,"116.29900360107,39.438201904297"
南郑,22.462582765511932,"106.93599700928,32.999298095703"
勉县,22.250360165725933,"106.672996521,33.153499603271"
景泰,22.056126795512537,"104.06300354004,37.183799743652"
虎跳峡,22.025090498159123,"100.07041931152,27.160486221313"
大武,21.936338385668503,"120.90000152588,22.36669921875"
巢湖,21.916789833620047,"117.86199951172,31.598600387573"
清远,21.907982296446143,"113.05599975586,23.681800842285"
昌黎,21.868367227702336,"119.16300201416,39.712799072266"
宿雾,21.854678543462075,"123.88543701172,10.315699577332"
马鞍山,21.831641967403456,"118.50700378418,31.670499801636"
利川市,21.81975671482523,"127.48571014404,37.162490844727"
兰考,21.81375108226688,"114.82099914551,34.822200775146"
长白山,21.72428179226181,"128.06340789795,42.012274717141"
吉隆坡,21.644616172090803,"101.68699645996,3.1389999389648"
北碧,21.639418414651473,"99.53279876709,14.022800445557"
雅鲁藏布江,21.601851901091667,"92.179412841797,29.25989491896"
垦丁,21.594179453192854,"120.78732299805,21.960859298706"
映秀,21.56148176503889,"103.49075317382,31.058518170193"
龙州,21.482147791308797,"106.85399627686,22.342800140381"
义乌,21.460622221973495,"120.07499694824,29.306800842285"
塞班岛,21.419244694328206,"145.75393676758,15.189156532288"
须弥山,21.342898436314524,"105.99025726318,36.277130126953"
胶州,21.312514131057366,"120.03299713135,36.264701843262"
宁海,21.258308852329268,"121.42900085449,29.287900924683"
嵊泗,21.221389411450705,"122.33631134033,30.711044311523"
永嘉,21.198497795210454,"120.69200134277,28.153400421143"
天山,21.06943853522844,"88.109399108887,43.904728930548"
潜口,21.06012476581724,"118.33955383301,29.874803543091"
秀山,21.044907825087822,"109.00700378418,28.447999954224"
巴东,21.020300051364256,"110.34100341797,31.04229927063"
赤峰,20.87556420211857,"118.8870010376,42.257801055908"
后里,20.83988018670856,"120.68656921386,24.155535056525"
崇明岛,20.70818556592948,"121.71299743652,31.590099334717"
金川,20.6778377165045,"102.06400299072,31.476299285889"
卡拉,20.63376461923643,"0.87078320980072,9.5897560119629"
灯塔,20.52490582887306,"123.33899688721,41.426399230957"
息烽,20.485330850780265,"106.73999786377,27.09049987793"
大湖,20.297813014019415,"120.87268829346,24.398113109037"
鱼台,20.27366363216213,"116.65100097656,35.012699127197"
杭锦旗,20.267816370477988,"108.73600006104,39.833301544189"
太白山,20.26553269462579,"107.78240203857,33.99717335584"
准格尔旗,20.253661035601688,"111.23999786377,39.864101409912"
潜山,20.221380087850143,"116.58100128174,30.631099700928"
陕北,20.1966679808457,"109.16915893555,37.168972015381"
祁连,20.1890017501668,"100.25299835205,38.177101135254"
龙胜,20.179880772012513,"110.01100158691,25.797899246216"
洋县,20.168708148974172,"107.54599761963,33.22269821167"
九州,20.141812604102252,"130.52291870117,32.164573669434"
福清,20.116049034226478,"119.38400268555,25.720199584961"
介休,20.04872481735465,"111.91699981689,37.026901245117"
栖霞,19.99935136485473,"120.84999847412,37.335098266602"
多伦,19.97798054770334,"116.48600006104,42.203601837158"
六安,19.92514178197327,"116.52200317383,31.733699798584"
门头沟,19.781224548635866,"116.10199737549,39.940299987793"
漳州,19.776184721457373,"117.64700317383,24.512899398804"
泸定,19.748208043440975,"102.23500061035,29.914199829102"
泰州,19.667090368485926,"119.922996521,32.455799102783"
金寨,19.65307844765986,"115.93399810791,31.727199554443"
和静,19.467059008213354,"86.384101867676,42.323600769043"
厄尔,19.40902118654297,"12.057425498962,47.518974304199"
门源,19.38313287340917,"101.62200164795,37.376098632812"
札幌,19.377188376012846,"141.3543763,43.0620958"
木渎,19.367028625453273,"120.52033233643,31.25963973999"
乐业,19.339607885431878,"106.55699920654,24.77680015564"
白洋淀,19.29885314144248,"115.98581695556,38.940793949649"
白水,19.288446619864107,"109.59100341797,35.177501678467"
鸭绿江,19.18267432220713,"124.4047164917,40.120090380253"
大埔,19.11158236106681,"116.69499969482,24.347799301147"
九台,19.069642039307325,"125.83999633789,44.151699066162"
晋州,19.05677966092897,"115.04399871826,38.033699035645"
赤水,19.050655801501872,"105.87964630127,28.51068423147"
勐仑,19.03602761808311,"101.24862670898,21.934447096503"
温州,19.032922982145546,"120.69899749756,27.994300842285"
株洲,18.969739635406054,"113.13400268555,27.827600479126"
云龙,18.95549688409604,"99.371002197266,25.88570022583"
黑山,18.920217340560733,"19.302978515625,42.916206438174"
仙居,18.91353186823468,"120.72899627686,28.846900939941"
北安,18.780851315534328,"126.4820022583,48.239101409912"
新北,18.7562118685144,"121.46114349365,25.026498494376"
琼海,18.720624399063468,"110.39976865806,19.209557373543"
滕州,18.614795609513518,"117.16400146484,35.083999633789"
大分,18.55349660387881,"131.609272,33.2395578"
溧阳,18.475418215896173,"119.48400115967,31.416900634766"
石泉,18.454782166044584,"108.24800109863,33.038398742676"
兰达岛,18.439384668024765,"99.071681499481,7.6075527230175"
济源,18.427114323002385,"112.60199737549,35.067199707031"
天全,18.37696063030621,"102.75800323486,30.066699981689"
嵊山,18.34661315946654,"122.81500244141,30.716999053955"
湄公河,18.235892960458873,"106.00784423828,12.610734580626"
新郑,18.207340512043807,"113.74099731445,34.395599365234"
卢克索,18.135564277540762,"32.639598846436,25.687200546265"
师宗,17.999066384052032,"103.98999786377,24.828500747681"
普安,17.99883858795939,"104.95300292969,25.784099578857"
雅典,17.988737040405635,"23.858499526978,38.045799255371"
北部湾,17.970415380889932,"108.00257873535,18.89342880249"
张掖,17.959206718583022,"100.44999694824,38.925598144531"
甘孜,17.928591634654477,"101.96199798584,30.049499511719"
任丘,17.922979236758195,"116.09999847412,38.711799621582"
昆山,17.827481793012424,"120.98100280762,31.384899139404"
南阳,17.825521531976182,"112.52799987793,32.990600585938"
和政,17.635976213126014,"103.3509979248,35.424598693848"
清道,17.591857420695213,"128.80047607422,35.627250671387"
民乐,17.55011584463597,"100.81300354004,38.430599212646"
澜沧江,17.546994139770206,"100.77814690521,22.045931605998"
洛克,17.513200218663954,"121.9993057251,12.275181770325"
阿布辛贝,17.508281589137034,"31.630325317383,22.366586469246"
漳县,17.501764053092113,"104.47200012207,34.848598480225"
台江,17.496662587755456,"108.32299804688,26.667499542236"
中东,17.361110914644165,"46.1735546875,35.683970085908"
蒲城,17.353525416884846,"109.58699798584,34.955898284912"
汤山,17.350285862143696,"119.05799865723,32.057498931885"
盐田,17.170773476440758,"114.23699951172,22.556900024414"
偃师,17.151936483416062,"112.79000091553,34.727199554443"
丝绸之路,17.12056268316247,"108.90747070312,34.41597366333"
世宗,17.091123011427776,"127.2515566748,36.568540929344"
陵水,17.081353433237837,"110.03800201416,18.506000518799"
昌平,17.077007099007,"116.23100280762,40.220699310303"
林边,17.01053221624656,"120.51699829102,22.433300018311"
华阴,16.999999999993324,"110.09200286865,34.566101074219"
海西,16.99659453851626,"97.36979675293,37.377101898193"
云顶,16.99050345808767,"101.79270935059,3.4238922595978"
靖边,16.987298368988366,"108.79399871826,37.59939956665"
阿斯旺,16.957743461070603,"32.808399200439,23.085500717163"
沧州,16.945533285572342,"116.83899688721,38.304500579834"
正安,16.939153090530027,"107.44400024414,28.549999237061"
金塔,16.92215824313865,"98.905601501465,39.9827003479"
兰西,16.906517500534846,"126.28800201416,46.25239944458"
大社,16.9023554417714,"120.36100006104,22.737699508667"
博鳌,16.877188586235242,"110.57081604004,19.150640487671"
泰宁,16.867729618158105,"117.17600250244,26.900299072266"
莆田,16.86548229871909,"119.00800323486,25.454099655151"
相生,16.850475707702046,"134.4680664,34.8036006"
开阳,16.768815900951267,"106.96499633789,27.058000564575"
柯桥,16.760337713111372,"120.49500274658,30.082000732422"
临沂,16.624999959524125,"118.35600280762,35.104698181152"
舟山,16.620312867401548,"122.1734123615,30.055727226262"
天目山,16.59707946363525,"119.43098424934,30.327033786758"
亚庇,16.586585696218222,"116.11599731445,5.9764699935913"
薄荷岛,16.568248938824745,"124.24199676514,9.79660987854"
头城,16.550941801148618,"121.86781311035,24.944670699558"
惠山古镇,16.549934133693043,"120.27496459961,31.58310866527"
盘锦,16.49994338055582,"122.07099914551,41.119998931885"
甘泉县,16.450218263520846,"109.3509979248,36.276500701904"
里永,16.42031248878248,"2.8951201438904,45.976619720459"
巴中,16.373301465461463,"106.74700164795,31.867900848389"
成安,16.348287956603095,"114.69000244141,36.442600250244"
商南,16.277056662557307,"110.88200378418,33.53099822998"
连城,16.261434624646547,"116.75499725342,25.709999084473"
顺义,16.258735193906904,"116.6549987793,40.130199432373"
黑龙江,16.223068849974915,"126.66200256348,45.742298126221"
甘南,16.212651695942654,"102.91100311279,34.983299255371"
栾川,16.162137474414706,"111.61599731445,33.785701751709"
哈根,16.074396207970842,"7.4975557327271,51.348045349121"
沙湾,16.06947615711293,"85.619400024414,44.326400756836"
奉化,16.04498486099428,"121.40699768066,29.655099868774"
鲁山,16.02446713676541,"112.90799713135,33.738498687744"
衡水,16.016396329166277,"115.66999816895,37.738899230957"
加平,15.99652534385502,"127.45597839355,37.770198822021"
盖州,15.980781266695256,"122.34899902344,40.400501251221"
望城,15.971197587333979,"112.81800079346,28.361000061035"
彭州,15.955692771492537,"103.95800018311,30.990100860596"
北角,15.890632522611785,"25.782453536987,71.168563842773"
虎门,15.851093940269456,"113.66400146484,22.815099716187"
鹿泉,15.746801815692045,"114.31400299072,38.085899353027"
营口,15.716069479105938,"122.23500061035,40.666999816895"
新安,15.64424180514524,"112.13200378418,34.728401184082"
内江,15.63043669944825,"105.05799865723,29.580200195312"
通山,15.618149567058685,"114.48300170898,29.605400085449"
邻水,15.607842170654685,"106.93000030518,30.334800720215"
鄱阳湖,15.605863252605033,"116.37379455566,29.040128197834"
湛江,15.573570568411615,"110.35900115967,21.270700454712"
池州,15.566794766518026,"117.49199676514,30.664800643921"
涿州,15.528790381520507,"115.97399902344,39.485298156738"
渭南,15.503707452572048,"109.51000213623,34.5"
绵阳,15.494131972744059,"104.67900085449,31.467399597168"
无锡灵山,15.425977845235614,"120.08528900146,31.408948898315"
黄陂,15.412891934284694,"114.37599945068,30.88159942627"
张北,15.383707892554662,"114.7200012207,41.158599853516"
理县,15.348524313704756,"103.16699981689,31.436500549316"
花莲,15.275277292678528,"121.60118865967,23.980440249534"
新平,15.229835610933025,"101.98999786377,24.070100784302"
抱犊寨,15.214362693749356,"114.28413391113,38.082828521729"
莫斯卡,15.19470730914055,"101.73139953613,31.281461715698"
达拉特旗,15.189917385602614,"110.03299713135,40.400398254395"
鱼池,15.160455030864902,"120.93299865723,23.89999961853"
红原,15.158681670564736,"102.54399871826,32.790901184082"
西原,15.132067003854045,"108.193359375,14.509144353358"
沙湖,15.131292885218626,"106.35675811768,38.807540893555"
达瓦更扎,15.120945287434466,"102.69280247552,30.723729554304"
米兰,15.09901798236134,"9.1210670471191,45.465709686279"
茂县,15.089247186496678,"103.85399627686,31.681200027466"
丰都,15.018254041470282,"107.73100280762,29.863500595093"
水富,15.017211504905417,"104.41600036621,28.629899978638"
淅川,15.015231875144401,"111.49099731445,33.137798309326"
牡丹江,15.0,"129.63299560547,44.551700592041"
靖宇,15.0,"126.81400299072,42.388801574707"
东山岛,14.999994242046613,"117.43000030518,23.701299667358"
柯坪,14.999993944928939,"79.047302246094,40.50830078125"
蚌埠,14.999986624331527,"117.38999938965,32.916301727295"
巴塞罗那,14.999924954016675,"2.1733999252319,41.385101318359"
印度北部,14.99979276385246,"77.255859375,28.130126953125"
黑森,14.981359587865725,"9.1624402999878,50.652099609375"
沙河,14.97711042415601,"114.50299835205,36.854999542236"
北川,14.97479896448468,"104.26445007324,31.938892364502"
许昌,14.88772018889624,"113.82299804688,34.124698638916"
邵武,14.866069030501174,"117.49299621582,27.340299606323"
淄博,14.748509801669945,"118.05500030518,36.813098907471"
金佛山,14.722168848383,"107.20495462418,29.099789474892"
名古屋,14.661691780021801,"136.906398,35.1814464"
钟祥,14.625325015454564,"112.58799743652,31.16780090332"
老挝,14.604480758319006,"102.38159179688,19.528730138898"
万州,14.586861935028631,"108.40899658203,30.807800292969"
铜鼓,14.558927191993488,"114.37100219727,28.520799636841"
大竹,14.333963882997038,"107.20500183105,30.736299514771"
邹城,14.320320523058705,"117.00399780273,35.405200958252"
不丹,14.28420208552559,"90.5583203125,27.361899625496"
留坝,14.280801561870836,"106.92099761963,33.617599487305"
正定,14.275696261623153,"114.57099914551,38.14640045166"
墨竹工卡,14.242935377136712,"91.730903625488,29.834100723267"
岫岩,14.219673605530955,"123.28099822998,40.290901184082"
房山,14.189002204559548,"116.1429977417,39.749099731445"
东极岛,14.079346207186315,"122.73118591309,30.174055099487"
宁乡,14.031651399929668,"112.55200195312,28.275299072266"
本溪,13.959089272894108,"123.76599884033,41.294200897217"
荣成,13.943003632554642,"122.48699951172,37.165199279785"
大林,13.896878062015345,"120.4700012207,23.599100112915"
大庆,13.838076897603592,"125.10500335693,46.590198516846"
江津,13.689901652475937,"106.25900268555,29.290199279785"
北疆,13.601630504453516,"86.786499023438,47.335098266602"
毕节,13.571424821441948,"105.28399658203,27.302600860596"
小田原,13.551888665432825,"139.1521538,35.2645639"
勐腊,13.546140690555823,"101.56500244141,21.459199905396"
江永,13.50628059654542,"111.34400177002,25.273500442505"
包头,13.5,"109.83999633789,40.657398223877"
迪拜,13.485981214966246,"55.27083596985,25.03187475154"
唐河,13.423365721365176,"112.84100341797,32.697101593018"
中阳,13.327794901221866,"111.18000030518,37.35710144043"
潮汕,13.247991020590446,"116.64819335938,23.40643043632"
宁安,13.24155979333434,"129.48300170898,44.340698242188"
仁化,13.194618499500887,"113.74900054932,25.085599899292"
和顺,13.179601381617436,"98.456382751465,25.010484117286"
邛崃,13.13796963215942,"103.46399688721,30.410299301147"
西柏坡,12.983569384048574,"113.96842193604,38.331962585449"
盱眙,12.947251518686091,"118.5,33.002998352051"
康乐,12.944578240505862,"103.70899963379,35.369800567627"
甪直,12.932605267677756,"120.86758422852,31.260311126709"
遂宁,12.854012645584351,"105.59300231934,30.532800674438"
集安,12.796956963354184,"126.18399810791,41.130401611328"
镰仓,12.603857120417787,"139.5466868,35.3192254"
海宁,12.587404546578801,"120.68099975586,30.51070022583"
石屏,12.548714484058967,"102.49500274658,23.705900192261"
葫芦岛,12.508050302970846,"120.83699798584,40.711101531982"
枫泾,12.5,"121.47399902344,31.230400085449"
来兴,12.499999997193454,"99.125900268555,16.883899688721"
壶口瀑布,12.487056764558892,"110.45132875443,36.146885395781"
乐都,12.486844569867214,"102.40200042725,36.48210144043"
德州,12.469895073304704,"116.3570022583,37.434101104736"
山阳,12.347153483601431,"109.88200378418,33.532199859619"
墨脱,12.334338801238587,"95.356658935547,29.427648544312"
柳林,12.32200186376796,"110.88899993896,37.430000305176"
达曼,12.2919754620276,"49.977699279785,26.392700195312"
利维亚,12.268422571244276,"1.9804573059082,42.462599800771"
呼伦贝尔,12.134001921833615,"119.76599884033,49.211601257324"
卡莱,12.04368422538724,"29.910745620728,36.275211334229"
酉阳,12.040899518271726,"108.7679977417,28.841199874878"
大嵛山岛,12.033404967248886,"120.21788024902,26.922912597656"
太仓,12.0,"121.1309967041,31.45770072937"
清苑,11.99996023589424,"115.4940032959,38.771900177002"
临城,11.999877263827836,"114.49900054932,37.444499969482"
会同,11.999852844156232,"109.73600006104,26.887199401855"
岐山,11.984277777935803,"107.62100219727,34.443500518799"
巴基斯坦,11.929050785107949,"69.345703125,30.145127183376"
乌鲁木齐,11.879421576853956,"87.616798400879,43.82559967041"
吉海,11.872240734989527,"107.0299987793,20.775800704956"
死海,11.867389528251731,"35.471497802734,31.49298431302"
新和,11.861473907847474,"82.609100341797,41.548099517822"
定南,11.842412239538524,"115.02799987793,24.784400939941"
清莱,11.829032802634563,"99.831001281738,19.907199859619"
古北水镇,11.816134360423453,"117.268659,40.651672"
上海迪士尼,11.78884458010071,"121.66334867477,31.14090913204"
赤柱,11.759004371852512,"114.21793365479,22.205478668213"
如东,11.715076853587473,"121.18699645996,32.315799713135"
林坑,11.712594405195288,"120.76377868652,28.156768110584"
金峰,11.686107690760169,"120.96700286865,22.60000038147"
石头村,11.684239930804445,"114.1259765625,38.035545349121"
塘沽,11.683336256051131,"117.67309188842,39.033355051132"
沙溪,11.661654668908653,"99.848365783691,26.309286117554"
理塘,11.653533508970144,"100.26999664307,29.996000289917"
霸州,11.643358195273905,"116.39099884033,39.125900268555"
启东,11.635285545599285,"121.65699768066,31.808200836182"
洪江,11.567314458425464,"109.83699798584,27.208599090576"
阿富汗,11.45274841080482,"65.817109375,33.788174734401"
宫崎,11.431549516984598,"131.4202411,31.9076736"
会泽,11.42607547756576,"103.29699707031,26.417900085449"
三重,11.425020781755398,"136.4970116,35.0460078"
英德,11.397501816889829,"113.41500091553,24.186100006104"
三出,11.359046328423247,"100.09799957275,14.75800037384"
东阳,11.29766224946612,"120.24199676514,29.289600372314"
永丰,11.292378271408978,"115.44400024414,27.318899154663"
中亚,11.226490830957072,"69.0690625,39.410636557657"
呈坎,11.206869379559611,"118.2522354126,29.925045013428"
宾阳,11.194992910799241,"108.80999755859,23.217800140381"
方正,11.187976327102538,"128.83000183105,45.851699829102"
池上,11.147130505577351,"121.21700286865,23.11669921875"
宣城,11.11201079168838,"118.75900268555,30.940700531006"
海棠湾,11.110572573717725,"109.72229367187,18.354022903254"
新园,11.100288779180737,"120.44699859619,22.510599136353"
中非,11.098635263407447,"20.91796875,6.5773031181239"
大化,11.090802538232351,"107.99800109863,23.736499786377"
西和,11.085709613440768,"105.29900360107,34.014198303223"
顺平,11.075815220678122,"115.13300323486,38.84460067749"
郧县,11.043959555947248,"110.81199645996,32.834800720215"
江油,11.035331197031468,"104.74600219727,31.77799987793"
皮山,10.95344322562288,"78.283699035645,37.621398925781"
关岭,10.900220187855973,"105.62200164795,25.875900268555"
信义,10.889205205119806,"120.9879989624,23.667999267578"
兴城,10.84996849632959,"120.72799682617,40.614799499512"
邵阳,10.841613290612104,"111.46800231934,27.238899230957"
广德,10.826830954400457,"119.42099761963,30.877599716187"
阳江,10.78587137533706,"111.9820022583,21.857999801636"
龙口,10.781273488877476,"120.47799682617,37.646099090576"
玉树,10.745516315936403,"97.00659942627,33.005798339844"
玉林,10.660427081966468,"110.16500091553,22.636400222778"
修武,10.660077336256188,"113.44799804688,35.223499298096"
宝鸡,10.606734427573675,"107.2379989624,34.361999511719"
中方,10.592409571812365,"109.94599914551,27.440500259399"
多勒,10.57522598615543,"5.5569124221802,47.07234954834"
新宁,10.499999999995302,"110.8570022583,26.433399200439"
商丘,10.483686632115443,"115.65599822998,34.414199829102"
惠水,10.483098887447273,"106.65699768066,26.132099151611"
长顺,10.483098887447273,"106.452003479,26.02260017395"
兴仁,10.483098887447273,"105.18599700928,25.435199737549"
本部,10.471691941216891,"127.8978309,26.6575766"
林州,10.449773409112892,"113.81600189209,36.078201293945"
邛海,10.432194618190783,"102.31820583344,27.816418512424"
田中,10.422370021747358,"120.58499908447,23.852500915527"
草原天路,10.382756132665452,"114.76692962647,41.010312928895"
平凉,10.282443455186288,"106.66500091553,35.542701721191"
敦化,10.268652695591493,"128.23199462891,43.372398376465"
关山,10.247404558701193,"121.19400024414,23.018100738525"
泾县,10.239183718235534,"118.41999816895,30.688600540161"
大叻,10.2137090859883,"108.44200134277,11.945400238037"
上虞,10.162862331049947,"120.86799621582,30.033100128174"
桓仁,10.161111858883144,"125.36100006104,41.267101287842"
河间,10.06756148662279,"116.09999847412,38.446601867676"
安东,10.05501306398231,"128.72900390625,36.56840133667"
高雄,10.048600466745476,"120.66600036621,23.010900497437"
盐边,10.041913516274457,"101.85500335693,26.683200836182"
堂安,10.022872640253652,"109.21607971191,25.897518157959"
凤山,10.010892016562968,"120.34931182861,22.61190955921"
廊坊,10.001582548784329,"116.68399810791,39.537998199463"
高邮,9.999999999606484,"119.45899963379,32.781700134277"
封开,9.997449126928338,"111.5120010376,23.423999786377"
遂昌,9.959258591570414,"119.27600097656,28.592199325562"
林同,9.937220646320252,"108.1429977417,11.575300216675"
克拉克,9.882484242093897,"120.54588317871,15.19140625"
红海,9.877827632201457,"38.49609375,20.303417518489"
武义,9.863143884879824,"119.81600189209,28.892700195312"
合川,9.854013486401856,"106.27600097656,29.972099304199"
霹雳,9.820300846823539,"100.80000305176,4.8072900772095"
吉县,9.805600426020424,"110.68199920654,36.098201751709"
梅里雪山,9.780401804349497,"98.683834075928,28.43488346494"
福泉,9.77715711786724,"107.51699829102,26.680000305176"
宜宾,9.746151395809788,"104.6429977417,28.751800537109"
大明山,9.610157118282665,"118.99676704407,30.065390014363"
仰光,9.587511693706409,"96.152702331543,17.102500915527"
伊豆,9.586592972913667,"138.946704,34.9765857"
崇武,9.571175135823726,"118.94538116455,24.887632369995"
铜仁,9.570167912884411,"109.19000244141,27.73150062561"
楚雄,9.55366764643246,"101.52799987793,25.045499801636"
马赛,9.499999159182495,"5.3697800636292,43.296501159668"
怀来,9.478614071881394,"115.5179977417,40.415298461914"
双廊,9.451903820022654,"100.23071289062,25.943681716919"
壶关,9.449773409112892,"113.20700073242,36.115398406982"
南充,9.395613629767062,"106.11100006104,30.837799072266"
咸宁,9.380030574082037,"114.32199859619,29.841400146484"
大岛,9.375309311917883,"139.37628173828,34.748081472367"
黄梅,9.300100104040077,"115.94400024414,30.070499420166"
井陉,9.296708897105052,"114.14499664307,38.031898498535"
京畿道,9.275978886585149,"127.5179977417,37.413799285889"
鄂尔多斯,9.257559806853141,"109.78099822998,39.608299255371"
易县,9.245563471032431,"115.49700164795,39.349498748779"
慈溪,9.0,"121.26599884033,30.169700622559"
乌拉特前旗,9.0,"108.65200042725,40.736999511719"
吉安,9.0,"114.99299621582,27.113000869751"
巴彦淖尔,9.0,"107.38800048828,40.743198394775"
汉川,8.999999999999877,"113.83899688721,30.661199569702"
海法,8.999999999964363,"34.989063262939,32.795340481617"
平顶山,8.999986624331527,"113.19300079346,33.766201019287"
嘉禾,8.999966350608917,"112.3690032959,25.58749961853"
新乐,8.998742963617754,"114.68399810791,38.343299865723"
长治,8.996296899231995,"113.11599731445,36.195400238037"
思南,8.992665366333489,"108.25199890137,27.936800003052"
和田,8.987103920352594,"79.922203063965,37.114200592041"
庞贝,8.984189714030538,"14.497281074524,40.749011993408"
仙游,8.956453794868699,"118.69200134277,25.362100601196"
新竹,8.932095187458065,"121.01786804199,24.835683822632"
永胜,8.906915291327211,"100.75099945068,26.684200286865"
汪清,8.899471718134487,"129.77200317383,43.3125"
东港,8.89722908099598,"124.15299987793,39.862998962402"
闽侯,8.882330430209732,"119.13200378418,26.14999961853"
象岛,8.880116783474643,"102.34999847412,12.10000038147"
巨鹿,8.879135858374752,"115.03700256348,37.221099853516"
攀牙,8.876087388819471,"98.519302368164,8.4407501220703"
城固,8.8708360146849,"107.33399963379,33.15710067749"
瓦房店,8.864744057102861,"121.98000335693,39.627101898193"
雷山,8.849808080238619,"108.07800292969,26.378400802612"
普洱,8.849747464802675,"100.96700286865,22.825099945068"
招远,8.831029918389106,"120.43399810791,37.355499267578"
塔什,8.814599221389205,"7.8155007362366,46.054630279541"
大悟,8.806229434998126,"114.12699890137,31.561199188232"
金湖,8.800408438662421,"118.42800140381,24.437700271606"
泸溪,8.794529037869214,"110.2200012207,28.216600418091"
竹山,8.790724323430524,"120.72899627686,23.688899993896"
寿宁,8.7732974299781,"119.51499938965,27.454500198364"
九里,8.753479823558058,"127.16351318359,37.563816070557"
长海,8.751970906418236,"122.58899688721,39.272800445557"
融水,8.744559585415182,"109.2559967041,25.065900802612"
德庆,8.737174101019617,"111.78600311279,23.143699645996"
罗田,8.677414369723001,"115.3990020752,30.783100128174"
锦溪,8.675631311805056,"120.90123748779,31.18068893163"
文登,8.644162734090301,"122.00144642778,37.158114206796"
三河古镇,8.604879969547008,"117.24903869629,31.512233734131"
白山,8.604879969547008,"126.42400360107,41.939998626709"
平谷,8.5980225182866,"117.12100219727,40.140701293945"
莫斯科,8.590580823737838,"37.61840057373,55.751201629639"
剑阁,8.518294015209072,"105.52500152588,32.287700653076"
新义州,8.505075849870451,"124.40000152588,40.099998474121"
赵县,8.5,"114.77600097656,37.756401062012"
辽源,8.486284485530609,"125.14399719238,42.887901306152"
新兴,8.46123476650899,"112.22499847412,22.695699691772"
黄龙溪,8.45035410854266,"103.96979522705,30.318183898926"
宁夏,8.44809683492382,"106.25900268555,38.471298217773"
贺州,8.445816565692825,"111.56700134277,24.403600692749"
齐河,8.437081353627322,"116.76300048828,36.783401489258"
日月潭,8.403307045846423,"120.91835784912,23.865825653076"
宁陕,8.331232617977356,"108.31400299072,33.310501098633"
浙西大峡谷,8.297041693784951,"119.12268829346,30.189991655088"
哥里,8.286405766680868,"44.119720458984,41.983228658253"
龙海,8.255004446742731,"117.81800079346,24.446699142456"
海陵岛,8.200941845325943,"111.91214752197,21.614400863647"
兰溪,8.18988971359991,"119.45999908447,29.208499908447"
博乐,8.187315082441929,"82.071296691895,44.900501251221"
达卡,8.167578899823056,"90.407096862793,23.709899902344"
菏泽,8.129090892992286,"115.48100280762,35.233699798584"
秭归,8.12572890731748,"110.97799682617,30.825899124146"
深谷,8.079466883543715,"139.2814638,36.1974437"
海安,8.037331848979516,"120.46700286865,32.533599853516"
青木川,7.987075223134277,"105.58399963379,32.82320022583"
新丰,7.977938816471576,"114.20700073242,24.059799194336"
淮北,7.970567824912371,"116.797996521,33.955799102783"
砀山,7.962925153191597,"116.36699676514,34.442600250244"
烟墩角,7.955043214027506,"122.56475067139,37.296070098877"
吉萨,7.941067842032165,"29.232099533081,28.766599655151"
罗城,7.7972555477418934,"108.9049987793,24.77739906311"
永济,7.78865140125637,"110.44799804688,34.867099761963"
三门峡,7.78425999391623,"111.19999694824,34.772399902344"
漳浦,7.7406591672217475,"117.61399841309,24.117099761963"
香港迪士尼,7.689177608712863,"114.04582214355,22.313079833984"
瑞金,7.6388658808627286,"116.02700042725,25.885599136353"
新街镇,7.628936084652778,"102.74670410156,23.156538009644"
宁远,7.610036272386669,"111.94599914551,25.570999145508"
富山,7.580040256513258,"137.2136768,36.6959518"
宣威,7.563386279579875,"104.10399627686,26.219800949097"
寿光,7.563280313328542,"118.79100036621,36.855499267578"
大圩,7.5349117955446605,"110.42679595947,25.182083129883"
磐安,7.530201942109053,"120.44999694824,29.054000854492"
剑川,7.5167569226669215,"99.905502319336,26.537099838257"
安多,7.5,"91.68229675293,32.265201568604"
来宾,7.5,"109.22100067139,23.750299453735"
江门,7.5,"113.08200073242,22.578699111938"
突泉,7.499999999999997,"121.59400177002,45.381401062012"
齐齐哈尔,7.499999999890348,"123.91799926758,47.354301452637"
宿迁,7.499943383289387,"118.27500152588,33.962001800537"
左云,7.499920228728592,"112.70300292969,40.013801574707"
右玉,7.499920228728592,"112.46700286865,39.988998413086"
永城,7.4902179126897845,"116.44999694824,33.929298400879"
离石,7.489528621905844,"111.15100097656,37.517601013184"
个旧,7.450398603483293,"103.16000366211,23.359100341797"
梅州,7.450228369549277,"116.12200164795,24.288600921631"
萨拉,7.444552634360503,"28.917657852173,66.999649047852"
龙里,7.418017389154973,"106.98000335693,26.453199386597"
山形,7.397062786292777,"140.3396017,38.2554388"
大盘山,7.365584745322405,"119.68486022949,29.237543106079"
香河,7.360157423031215,"117.0059967041,39.76139831543"
汉源,7.346889585619418,"102.65200042725,29.34460067749"
连南,7.3339684003270165,"112.28700256348,24.725999832153"
南州,7.332468429934714,"120.51599884033,22.474700927734"
黔西,7.332468429934714,"106.03500366211,27.029100418091"
海东,7.3290579900683275,"102.10399627686,36.502201080322"
松阳,7.3272059180221065,"119.4820022583,28.449100494385"
安国,7.317891688952758,"115.327003479,38.418399810791"
平潭,7.312037417934447,"119.790168,25.49872"
奥塔,7.311082435661049,"9.5333299636841,61.766700744629"
华沙,7.305914144442718,"21.012199401855,52.229698181152"
美人鱼岛,7.271791197713804,"116.35326334625,6.711703637233"
永寿,7.258093000635069,"108.14199829102,34.692001342773"
勐海,7.2564643256425,"100.45300292969,21.957399368286"
渭源,7.240876447514252,"104.21499633789,35.136798858643"
卓尼,7.240876447514252,"103.50700378418,34.589599609375"
太原市,7.231427380267056,"105.82499694824,21.567199707031"
新都,7.230512423896619,"104.15899658203,30.823499679565"
南澳,7.229821354971698,"117.06153869629,23.434169769287"
昌江,7.198110812105327,"109.05400085449,19.260299682617"
布尔津,7.197752252220905,"86.859901428223,47.701400756836"
白哈巴,7.197752252220905,"86.786750793457,48.693794250488"
雅西,7.191355901222176,"27.284930604533,47.198977327433"
马尔康,7.168358695291343,"102.20700073242,31.905799865723"
韩城,7.1607643510942,"110.44300079346,35.47679901123"
阳山,7.148496595498437,"112.62599945068,24.46669960022"
忻城,7.144374880374798,"108.66600036621,24.066200256348"
濮阳,7.095097389928362,"115.02899932861,35.762100219727"
丰宁,7.0946309861508885,"116.6490020752,41.204299926758"
迁西,7.053206706055933,"118.31500244141,40.141498565674"
马略卡岛,7.038855609969697,"3.8389047,39.9991163"
芷江,7.003504531428874,"109.68499755859,27.443500518799"
建平,7.002691720985414,"119.6429977417,41.403099060059"
亳州,7.0,"115.77899932861,33.84460067749"
安新,6.998083036782135,"115.93599700928,38.935398101807"
美奈,6.996970811961808,"108.28700256348,10.933199882507"
碌曲,6.993053568801862,"102.48899841309,34.590400695801"
临夏,6.993053568801862,"103.21099853516,35.60120010376"
大邑,6.9916621644215216,"103.52100372314,30.587400436401"
苏梅岛,6.990658838433458,"99.968902587891,9.5132999420166"
茂名,6.971664903678932,"110.92500305176,21.663000106812"
赞皇,6.96810601992481,"114.38600158691,37.665599822998"
当雄,6.940482405260278,"91.100997924805,30.473100662231"
舒城,6.9019046287004375,"116.94899749756,31.461999893188"
华城市,6.8247728020902265,"126.85515594482,37.173908233643"
德阳,6.823034174830951,"104.39800262451,31.126899719238"
杨浦,6.808860597599894,"121.52600097656,31.25950050354"
沙美岛,6.79215606578458,"101.44097137451,12.511492729187"
鲁甸,6.790815858296405,"103.55799865723,27.186700820923"
铜陵,6.788303849126315,"117.81199645996,30.945400238037"
眉山,6.7757018175179455,"103.84899902344,30.075399398804"
红河,6.758710797709553,"103.375,23.36310005188"
滦平,6.7526422540505,"117.33300018311,40.941600799561"
澎湖,6.7506432885185585,"119.58409881592,23.57116457313"
松山,6.7334955474543605,"132.7655752,33.8391574"
新干,6.72342131400196,"115.3870010376,27.740200042725"
成田,6.6956351033521,"140.3187806,35.7766076"
长泰,6.550144559794397,"117.75900268555,24.625400543213"
雾凇岛,6.5238291960184185,"126.43677139282,44.119888080875"
泰和,6.499999999879012,"114.90899658203,26.790199279785"
黄果树瀑布,6.499999933828488,"105.66966247559,25.988775068306"
康提,6.463508508527387,"80.677101135254,7.2982602119446"
阳原,6.451165620933829,"114.15000152588,40.10359954834"
枣庄,6.418432072347362,"117.32399749756,34.810501098633"
库伦旗,6.4055442012946475,"121.77600097656,42.730400085449"
美斯乐,6.386410855977973,"99.653968811035,20.211296081543"
武陟,6.258338654725398,"113.40200042725,35.09939956665"
黄姚古镇,6.114721140390757,"111.20800018311,24.249500274658"
华池,6.0684945876305045,"107.98999786377,36.461399078369"
罗平,6.057941641668295,"104.30899810791,24.884599685669"
商都,6.052102169914153,"113.57800292969,41.562099456787"
霞坑,6.025561522222798,"118.67637634277,29.960643768311"
肇兴,6.009871551855303,"109.18364715576,25.906269073486"
北镇,6.0,"121.79900360107,41.594699859619"
微山,6.0,"117.12899780273,34.807098388672"
资兴,6.0,"113.23600006104,25.97620010376"
余姚,6.0,"121.1549987793,30.037200927734"
保山,6.0,"99.161499023438,25.112100601196"
洛带古镇,6.0,"104.327003479,30.638799667358"
丰宁坝上,6.0,"115.98091888428,41.598491668701"
兴宁,6.0,"115.73100280762,24.136600494385"
噶尔,6.0,"80.096397399902,32.491500854492"
淮安,6.0,"119.01499938965,33.610401153564"
江阴,6.0,"120.28500366211,31.920700073242"
三义,6.0,"120.76974487305,24.389187063636"
伊川,6.0,"112.42600250244,34.421398162842"
天祝,6.0,"103.14199829102,36.971801757812"
博爱县,6.0,"113.06400299072,35.171001434326"
怒江,6.0,"98.853103637695,25.852500915527"
邢台,6.0,"114.55899810791,37.050399780273"
归仁,6.0,"109.21485880974,13.773238642572"
定日,5.999999999999478,"87.130218505859,28.659905988061"
鸡鸣驿古城,5.999999993436841,"115.31817626953,40.450046539307"
大石桥,5.9999999933376875,"122.50900268555,40.644599914551"
东川,5.999999992429526,"103.18800354004,26.083099365234"
民权县,5.99999998645195,"115.14800262451,34.646900177002"
斗湖,5.999999986243196,"117.63851928711,4.4832282066345"
卡帕莱岛,5.999999986243196,"118.688493,4.220821"
开远,5.999999711346617,"103.26699829102,23.71430015564"
永福,5.999993917379457,"109.98300170898,24.979900360107"
青河,5.999971309857383,"90.383003234863,46.674198150635"
漯河,5.999935055368357,"114.01699829102,33.581401824951"
那曲,5.999314156522497,"92.051200866699,31.47620010376"
新民,5.9991742762443465,"122.82800292969,41.99760055542"
索契,5.998546881301182,"39.854351043701,43.77897644043"
南皮,5.997242099649712,"116.70899963379,38.03929901123"
凉山,5.997221784906088,"102.26699829102,27.88159942627"
天鹅堡,5.996610117946509,"11.497900009155,48.79040145874"
渑池,5.99548157374765,"111.7620010376,34.767200469971"
洛浦,5.99443268240485,"80.189002990723,37.073699951172"
桃江,5.993675854261398,"112.15599822998,28.518100738525"
伊朗,5.9912329004872635,"54.334259033203,31.826231907143"
惠安,5.979172374549275,"118.79699707031,25.030700683594"
美里,5.977828048420952,"114.05360412598,4.3827524185181"
掸邦,5.962076110451269,"98.133903503418,22.036199569702"
匈牙利,5.962076110451269,"19.423828125,46.950262242186"
别奇,5.957751239699356,"21.26331,49.73554"
丰城,5.947380227111488,"115.77100372314,28.159099578857"
石棉县,5.932604465912801,"102.35900115967,29.227899551392"
牙山,5.925886660645379,"126.97102355957,36.789440155029"
稻城,5.9110408095722375,"100.297996521,29.037000656128"
马公,5.907514259071196,"119.58300018311,23.566699981689"
勐罕,5.895590206683647,"100.92694854736,21.851593017578"
金秀,5.882874076751751,"110.18900299072,24.130399703979"
忻州,5.874014753027173,"112.73400115967,38.416698455811"
驻马店,5.866840699421529,"114.02200317383,33.011501312256"
湘潭,5.862623346299647,"112.94400024414,27.829700469971"
海防,5.835870464726497,"106.68000030518,20.861400604248"
洪雅,5.8340830363456115,"103.37300109863,29.904899597168"
康平,5.830843991404612,"123.35399627686,42.75"
华容,5.8248609253951305,"112.54000091553,29.531099319458"
尼斯,5.82368951872736,"17.329902648926,50.482087491568"
安帕瓦,5.810883546507657,"99.959098815918,13.425499916077"
会昌,5.8096223984395765,"115.78600311279,25.600299835205"
宫城,5.809157568704097,"141.0009443,38.3537051"
靖港古镇,5.80697798893827,"112.7396697998,28.450832366943"
百乐,5.806186356302532,"102.55737543139,3.1670700513475"
热海,5.793754809001527,"139.0717047,35.0962764"
大田,5.787165092466253,"127.38500213623,36.350399017334"
安仁古镇,5.7648422731973845,"103.616065979,30.508996963501"
朝鲜半岛,5.741101824759258,"127.25265625,38.298461073917"
沂南,5.734213130093695,"118.46499633789,35.549999237061"
皮皮岛,5.712520075568055,"98.771467208862,7.7595550179465"
凤城,5.708902748727874,"124.06700134277,40.452301025391"
川崎,5.708378764200685,"139.70300292969,35.530899047852"
库尔,5.699479990914595,"9.5267295837402,46.857299804688"
万象,5.695617763121872,"102.5299987793,18.110500335693"
沙湾古镇,5.692472724769472,"113.34169769287,22.901582717896"
浮山,5.680420310951837,"111.84899902344,35.968101501465"
甘谷,5.663342772801462,"105.33599853516,34.73210144043"
磐石,5.625048103189979,"126.05999755859,42.946300506592"
肃宁,5.595097389928362,"115.83000183105,38.422798156738"
宿松,5.585472634029252,"116.12899780273,30.153699874878"
伊利,5.56560989721833,"0.26229858398438,52.399460078334"
邱县,5.550380826739524,"115.17600250244,36.819900512695"
当涂,5.535646803690346,"118.49800109863,31.571199417114"
同安,5.5279748827563795,"118.15200042725,24.722799301147"
潞城,5.510171747293287,"113.22899627686,36.334098815918"
仁爱,5.50513306572945,"121.125,24.02140045166"
查济,5.5,"118.03625488281,30.517784118652"
赣州,5.5,"114.93499755859,25.831800460815"
修水,5.4983461229230395,"114.54699707031,29.025699615479"
云林,5.493489103379479,"120.43943786621,23.713156727179"
连云港,5.478117619442756,"119.22100067139,34.596500396729"
平壤,5.4755447873896586,"125.75399780273,39.031898498535"
北亚,5.452050772425448,"99.66796875,53.85252660045"
基辅,5.4464780786749065,"30.523399353027,50.450099945068"
万荣,5.383418429677524,"102.44999694824,18.933300018311"
漳平,5.351473695144975,"117.41999816895,25.290300369263"
乐清,5.326820608562347,"120.96199798584,28.122900009155"
邵东,5.275817406491195,"111.7440032959,27.258899688721"
海门,5.249763391262702,"121.18199920654,31.871200561523"
兴县,5.234145934427243,"111.12799835205,38.462398529053"
富裕,5.2187926055473355,"124.47399902344,47.774200439453"
川北,5.2185278252376985,"102.37609100342,32.901069641113"
东平,5.208240031831535,"116.4700012207,35.937099456787"
西乡,5.159071029564662,"107.76699829102,32.983100891113"
远安,5.122666829174968,"111.64099884033,31.060899734497"
曲阳县,5.106731447108007,"114.70500183105,38.621799468994"
沽源,5.083171992064841,"115.68900299072,41.669700622559"
高阳,5.0654714862151415,"115.78099822998,38.68989944458"
阿联酋,5.028216996698383,"54.349365234375,23.9360549146"
济宁,5.021911667094228,"116.58699798584,35.414901733398"
广武,5.020067255188279,"111.16343688965,37.049289703369"
大足,5.012116553382207,"105.72200012207,29.707000732422"
武定,5.007789442351042,"102.40399932861,25.53039932251"
达日,5.0,"99.651496887207,33.749698638916"
对马,5.0,"129.2874904,34.2026624"
榆社,5.0,"112.97499847412,37.07080078125"
阳泉,5.0,"113.58100128174,37.856998443604"
宁强,4.997231988282278,"106.25700378418,32.829700469971"
楚河,4.983563755422913,"75.4344727,42.6269622"
灵宝,4.975281993530585,"110.89399719238,34.516799926758"
富源,4.9697570901947525,"104.25499725342,25.674299240112"
茶胶,4.969259924314294,"104.78299713135,10.983300209045"
盐池,4.959840602819915,"107.40699768066,37.782901763916"
春川,4.9585353190922925,"127.73000335693,37.881301879883"
普兰店,4.941993706931632,"122.25967655554,39.618479049899"
阿里,4.910092159704629,"80.105796813965,32.501098632812"
篁岭村,4.895656969605104,"118.12069702148,29.32341003418"
波密,4.881901829753717,"95.76789855957,29.858999252319"
博卡拉,4.844044346773608,"83.985000610352,28.202600479126"
五寨,4.815636506593772,"111.84700012207,38.910701751709"
平武,4.7957917888590025,"104.52899932861,32.408699035645"
布城,4.782322570129273,"101.69599914551,2.9263598918915"
淳安,4.779851795733012,"119.04199981689,29.608800888062"
甲米,4.746552598624374,"98.906303405762,8.0862998962402"
宜川,4.7016972203004475,"110.16899871826,36.050201416016"
安塞,4.670992932821951,"109.32900238037,36.863899230957"
沙坡头,4.670040982168331,"105.19100189209,37.51490020752"
东西冲,4.659535824146624,"114.53178405762,22.478616663403"
淮阳,4.634551848192407,"114.88899993896,33.734298706055"
周村,4.620653636905297,"117.8694152832,36.805637359619"
通化,4.617328930912633,"125.94000244141,41.728401184082"
和硕,4.5762504416132685,"86.863998413086,42.268398284912"
黑水,4.562276987945617,"102.98999786377,32.061901092529"
鲅鱼圈,4.5,"122.10953521729,40.230565970098"
泸州,4.5,"105.44200134277,28.871799468994"
昔阳,4.5,"113.70700073242,37.611198425293"
尖石,4.5,"121.30799865723,24.576099395752"
里昂,4.5,"4.8356599807739,45.763999938965"
新华,4.5,"105.6309967041,23.625299453735"
翼城,4.5,"111.71900177002,35.738399505615"
富民,4.5,"102.49800109863,25.22200012207"
上林,4.5,"108.60500335693,23.431900024414"
贞丰,4.5,"105.65000152588,25.385799407959"
道因,4.5,"123.22101593018,9.2074184417725"
互助,4.5,"101.95800018311,36.843700408936"
唐克,4.499999999999913,"102.49021911621,33.343673706055"
湖口,4.49999999999967,"121.0445098877,24.882559491247"
卡拉克,4.499999999998068,"35.677660412883,31.143070034675"
威宁,4.49999999998541,"104.27899932861,26.856300354004"
恩平,4.4999989971514465,"112.30500030518,22.183200836182"
三尖,4.4999979107973305,"118.91635894775,30.161751648357"
闸坡,4.4998994950733495,"111.83495330811,21.574237823486"
诸暨,4.499796817226923,"120.23600006104,29.71369934082"
简阳,4.498755723737078,"104.54699707031,30.410800933838"
常州恐龙园,4.49524224541107,"120.00120210648,31.823964938105"
柳江古镇,4.4917360478584785,"103.23182678223,29.718585968018"
丹江口,4.491241159076071,"111.51300048828,32.540199279785"
太和,4.489190344555861,"115.62200164795,33.160301208496"
六盘山,4.4780077466249,"106.3053894043,35.78687286377"
贺兰山,4.467990631629258,"105.84836578369,38.965492248535"
辉县,4.463093458919623,"113.80500030518,35.462100982666"
平顺,4.4497734091128915,"113.43599700928,36.200000762939"
通海,4.4274878493710474,"102.76100158691,24.110000610352"
亚布力,4.426040956829783,"128.61654663086,44.938140869141"
瓦茨,4.40686080495133,"19.13330078125,47.783298492432"
锡林郭勒,4.379335498397485,"116.047996521,43.933498382568"
瑞丽,4.3302517934653455,"97.851898193359,24.012800216675"
花垣,4.311704455639665,"109.4820022583,28.57200050354"
安县,4.2757775678377286,"104.56700134277,31.534900665283"
万宁,4.248841993388751,"110.39099884033,18.795099258423"
果阿,4.233201855614497,"74.124000549316,15.299300193787"
宝山,4.2215196736011285,"121.41210238093,31.381733806941"
南平,4.214575633855633,"118.17800140381,26.641799926758"
安溪,4.211654582731092,"118.18599700928,25.055999755859"
上里,4.197516798795004,"103.08269500732,30.179473876953"
袁家村,4.174520999799326,"108.5333172977,34.61110024881"
交口,4.1741668915704055,"111.18099975586,36.982200622559"
中山古镇,4.158805137599799,"106.33399963379,28.838499069214"
宝兴,4.129656743408121,"102.81500244141,30.368099212646"
榆次,4.077970653884786,"112.70800018311,37.697799682617"
南安市,4.0537668907145825,"118.38600158691,24.960399627686"
奥地利,4.0347651033141485,"14.17236328125,47.613569753974"
北投,4.025220416246355,"121.5,25.11669921875"
江都,4.0,"119.56999969482,32.434700012207"
郁南,4.0,"111.53500366211,23.234600067139"
下川岛,4.0,"112.59828186035,21.641595840454"
加来,3.9974433996546064,"1.8655291795731,50.881530761719"
永州,3.988156160675927,"111.6129989624,26.420400619507"
杜马盖地,3.986765139031856,"123.28659057617,9.3019075393677"
横山,3.9781816444767593,"109.73500061035,38.285400390625"
滦县,3.946229267212757,"118.70400238037,39.740600585938"
米亚罗,3.9256233532852542,"102.78468489647,31.649945121274"
巫溪,3.924935405637078,"109.56999969482,31.398599624634"
峨山,3.9122844074070335,"102.40599822998,24.16900062561"
襄汾,3.9086015989893386,"111.44200134277,35.876300811768"
荥经,3.88886824301594,"102.84700012207,29.792900085449"
武宁,3.873217430455917,"115.1009979248,29.256299972534"
宜章,3.8468836104720174,"112.94899749756,25.399799346924"
防城港,3.839623225480705,"108.35399627686,21.686899185181"
雪乡,3.821838224493945,"128.85290527344,44.526798248291"
永泰,3.8201679436396834,"118.93299865723,25.86669921875"
塔比拉兰,3.7997207429478483,"123.8694229126,9.6629238128662"
基隆,3.789440212673548,"121.70800018311,25.108999252319"
西沙群岛,3.7744520709817055,"112.02655792236,16.332467855831"
仙本那,3.7417337398340096,"118.4461517334,4.4966249465942"
昌吉,3.629302922559236,"87.308197021484,44.011199951172"
崇阳,3.6280787332762583,"114.04000091553,29.555599212646"
遂平,3.5394724474449535,"114.01300048828,33.145599365234"
东欧,3.5,"35.82443359375,51.583818995821"
勃生,3.5,"94.73169708252,16.774200439453"
马林,3.4642257697137966,"12.429599761963,53.612701416016"
龙川,3.3943296807687275,"115.26000213623,24.100099563599"
中卫,3.2466944098303068,"105.17400360107,37.516899108887"
邦劳,3.1905083791636493,"123.77565002441,9.5800685882568"
龙虎山,3.1103451564839,"116.985496521,28.092866897583"
蜈支洲岛,3.0004179000950497,"109.7740020752,18.306400299072"
千叶,3.0,"140.1062907,35.6072668"
西华,3.0,"114.52300262451,33.785499572754"
岛原,3.0,"130.370286,32.7881027"
鹤壁,3.0,"114.29699707031,35.747200012207"
伊犁,3.0,"81.324096679688,43.916900634766"
府中,3.0,"139.4776614,35.6689735"
圣彼得堡,3.0,"30.312000274658,59.939498901367"
大田县,3.0,"117.84700012207,25.692699432373"
广府镇,3.0,"114.73028564453,36.701095581055"
江川,3.0,"102.75399780273,24.28750038147"
名山区,3.0,"103.10900115967,30.069999694824"
朔州,3.0,"112.43299865723,39.331600189209"
明溪,3.0,"117.202003479,26.355899810791"
韶山,3.0,"112.52700042725,27.915000915527"
永兴,3.0,"113.11699676514,26.127199172974"
永年,3.0,"114.49099731445,36.777698516846"
奉节,3.0,"109.46399688721,31.018100738525"
浏阳,3.0,"113.6429977417,28.163799285889"
马关,3.0,"104.39399719238,23.012899398804"
剑桥,3.0,"0.12181700021029,52.205299377441"
临高,3.0,"109.69100189209,19.912000656128"
称多,3.0,"97.110801696777,33.369201660156"
河源,3.0,"114.69999694824,23.743499755859"
孝感,3.0,"113.91699981689,30.924600601196"
黔江,3.0,"108.77100372314,29.533100128174"
盐山县,3.0,"117.23100280762,38.058101654053"
山梨,3.0,"138.5684486,35.6641575"
长阳,3.0,"111.19899749756,30.467100143433"
诸葛八卦村,3.0,"119.29526519775,29.249969482422"
吕梁,3.0,"111.14399719238,37.518299102783"
河津,3.0,"110.71199798584,35.5964012146"
大丰,3.0,"120.46199798584,33.195098876953"
亚丁,3.0,"100.33856964111,28.555136841772"
普里,3.0,"85.698417663574,19.86576461792"
缙云,3.0,"120.09200286865,28.659299850464"
卢氏,3.0,"111.047996521,34.05419921875"
潼南,3.0,"105.84100341797,30.190999984741"
高领,3.0,"105.63400268555,10.454999923706"
西平,3.0,"114.02200317383,33.387699127197"
潼关,3.0,"110.24600219727,34.544300079346"
南戴河,3.0,"119.38581848145,39.762302398682"
永春,3.0,"118.29399871826,25.321599960327"
平泉,2.9999999999997526,"118.702003479,41.018398284912"
林西,2.999999999997524,"118.05500030518,43.618099212646"
乌海,2.9999996972575373,"106.79399871826,39.654998779297"
东营,2.9999987923853144,"118.67500305176,37.434700012207"
白俄罗斯,2.9999986713972584,"28.57345703125,53.126923118013"
江安,2.9999950805335067,"105.06700134277,28.724000930786"
贝希特斯加登,2.9999913468644435,"12.901865959167,47.698471069336"
随州,2.9999614602431204,"113.38200378418,31.690200805664"
随县,2.9999614602431204,"113.30000305176,31.853799819946"
兴和,2.9999579230419595,"113.83399963379,40.872299194336"
带广,2.9999029418223437,"143.1961031,42.9238989"
海沧区,2.9998678917057418,"118.03299713135,24.48450088501"
天等,2.9997960424735552,"107.1429977417,23.081399917603"
石浦,2.9997960424735552,"121.93199920654,29.202499389648"
下田,2.9997483573807595,"138.945316,34.6795334"
广平,2.9996980989026367,"114.94899749756,36.483501434326"
布拉格,2.9990960315720923,"14.43780040741,50.075500488281"
诺拉,2.9987642747878835,"14.847499847412,41.109901428223"
神木,2.9980233391253117,"110.49900054932,38.842498779297"
维希,2.9966101179465086,"3.5905773639679,46.213584899902"
西岭雪山,2.9962221829038267,"103.17304730415,30.629442082686"
印度南部,2.995988976785314,"73.828125,16.972741019999"
笛吹,2.995934304398716,"138.6397857,35.6473601"
孝昌,2.9926515785880285,"113.99800109863,31.258199691772"
仙桃,2.9926366061324443,"113.45500183105,30.362600326538"
民丰,2.991943076626176,"82.695899963379,37.064098358154"
中宁,2.990919666947655,"105.68499755859,37.491500854492"
皋兰,2.9903771031791493,"103.94799804688,36.332099914551"
南欧,2.9898796476101475,"11.689453125,43.2612061248"
南沙群岛,2.9895253282429812,"116.745183,11.484342"
茅山,2.9894783681811288,"119.31662750244,31.794637954814"
六鳌,2.9843787028640056,"117.7706451416,23.947416305542"
宾川,2.9839877264896337,"100.57499694824,25.827299118042"
海晏,2.9833872058169435,"100.99500274658,36.896701812744"
比利时,2.983202210828511,"4.76806640625,50.492463341877"
镇巴,2.9824461548997863,"107.89499664307,32.536701202393"
文莱,2.9808161949209486,"114.65881347656,4.5326183939718"
三亚湾,2.980298206101065,"109.4887753,18.2637171"
靖西,2.978370698908723,"106.41799926758,23.134099960327"
定远,2.977953008343974,"117.69899749756,32.53099822998"
泰来,2.9747966745900882,"123.41699981689,46.393699645996"
于田,2.9747298868966325,"81.67749786377,36.85710144043"
涛岛,2.974543410980388,"99.834083557129,10.094389915466"
九份,2.9731911286476302,"121.84401702881,25.108381271362"
平溪,2.9731911286476302,"121.75399780273,25.034599304199"
科林斯,2.972629683747542,"22.942962646484,37.812839508057"
友谊,2.9721118989046555,"131.80799865723,46.7672996521"
德化,2.971404114107419,"118.24099731445,25.491500854492"
治多,2.966582502119897,"95.612998962402,33.853199005127"
瑞昌,2.963150940918833,"115.68199920654,29.673799514771"
扶风,2.9595385576402573,"107.90000152588,34.375400543213"
饶河,2.957791921443492,"134.01400756836,46.798198699951"
边和,2.9543833610193966,"106.84300231934,10.95740032196"
荻,2.944698373768393,"131.3990849,34.4081155"
乌兰布统,2.9424347123285512,"117.27265930176,42.496898651123"
商城县,2.93381869964016,"115.40699768066,31.798400878906"
万安,2.9286769253997247,"114.78600311279,26.458299636841"
延寿,2.923220724493847,"128.33200073242,45.451900482178"
嵊州,2.92225019704661,"120.82199859619,29.588499069214"
布朗,2.9198372970747246,"25.363571166992,45.512191772461"
高树,2.9162766635544752,"120.60800170898,22.819700241089"
木兰,2.9159482423686214,"128.04299926758,45.95059967041"
酒泉,2.913473583498261,"98.494400024414,39.732498168945"
保亭,2.9068701087947915,"109.70300292969,18.639099121094"
汉班托塔,2.902664801313165,"81.075500488281,6.2466697692871"
盐津,2.9022501915135326,"104.23400115967,28.108699798584"
昭通,2.9022501915135326,"103.71700286865,27.338300704956"
祁门,2.9014864918047696,"117.71700286865,29.854099273682"
福卡,2.8900956591002656,"26.756399154663,38.669998168945"
高淳,2.885335099468686,"118.89199829102,31.327499389648"
塞罕坝,2.8793354983974853,"117.35975646973,42.130725860596"
平远,2.8777397652640295,"115.89199829102,24.567300796509"
高要,2.8735517864175724,"112.45800018311,23.025400161743"
蔡村,2.8712124593247816,"118.57817840576,30.728929519653"
乌克兰,2.868385793951781,"30.904541015625,49.04506962208"
科隆,2.8642387711023063,"6.9777517318726,50.94123840332"
新德里,2.8642387711023063,"77.224998474121,28.635299682617"
连州,2.8637769548340053,"112.37799835205,24.780599594116"
孝义,2.8560387523412767,"111.77899932861,37.14640045166"
湟源,2.85314381887488,"101.2559967041,36.682399749756"
恒河,2.8486683372867594,"81.313325195312,27.620162618547"
内丘,2.8386676457476674,"114.5120010376,37.286701202393"
岜沙,2.8260141324191075,"108.88304901123,25.718173980713"
热浪岛,2.7989849812165897,"103.00759887695,5.7795205116272"
厄尔,2.7925395431645685,"0.99616879224777,49.113693237305"
错那,2.7723724389111246,"91.95719909668,27.991100311279"
华安,2.7719624041986077,"117.53399658203,25.004400253296"
金浦,2.7709247577034213,"126.64270782471,37.666450500488"
通城,2.764561802288493,"113.81700134277,29.245300292969"
克什克腾旗,2.7595295678312217,"117.54599761963,43.264999389648"
龚滩古镇,2.7498622682897205,"108.35375213623,28.929536819458"
东源,2.74375883237441,"114.74600219727,23.788400650024"
桐庐,2.7372364375394467,"119.69100189209,29.793199539185"
乌兰察布,2.7273470140429508,"113.13300323486,40.994800567627"
紫云,2.719885007102357,"106.08399963379,25.751100540161"
海阳,2.713848093784632,"121.15799713135,36.776401519775"
造桥,2.7131294675400413,"120.86081695557,24.625034195149"
霍城,2.7089373140143005,"80.874198913574,44.053600311279"
浙南,2.7080688455667703,"120.06759643555,27.741773605347"
丰润,2.6880986804496056,"118.16200256348,39.832599639893"
广汉,2.6843209334734266,"104.28199768066,30.97620010376"
夏河,2.6817358674626828,"102.52200317383,35.202598571777"
定西,2.6668510514479857,"104.62599945068,35.580600738525"
庆元,2.6574682640851948,"119.06300354004,27.619199752808"
斯帕,2.638856794478772,"5.8639497756958,50.492000579834"
乳山,2.5951838867376185,"121.54000091553,36.919799804688"
江口,2.5916321666167272,"108.84999847412,27.693000793457"
永顺,2.5402620658917567,"109.8509979248,29.001399993896"
萨尔茨堡,2.5381549853676395,"13.055000305176,47.809501647949"
海盐,2.5320180420985,"120.94599914551,30.526300430298"
多哈,2.5319902351929784,"51.522499084473,25.280300140381"
地中海,2.5198488686632596,"17.91671875,34.406806610651"
玉溪,2.508732742108204,"102.54699707031,24.351999282837"
福岛,2.5,"140.4747282,37.7608337"
九华山,2.499894535553313,"117.80351257324,30.478933298924"
合浦,2.48895855318309,"109.20700073242,21.660600662231"
加普,2.485817885443546,"6.032744884491,44.550731658936"
金沙江,2.4834629028629376,"103.20831298828,27.532324924455"
定边,2.449476758611532,"107.6009979248,37.59460067749"
科伦坡,2.440227222406945,"79.861198425293,6.9270801544189"
涞水,2.4193952137091594,"115.71399688721,39.394298553467"
抚州,2.4093018453414032,"116.35800170898,27.949199676514"
大别山,2.4056905802119206,"115.80490234375,30.854972066802"
练塘,2.3925337487083143,"121.04367828369,31.009653091431"
榕江,2.3539040342408004,"108.52200317383,25.931900024414"
佛坪,2.3451169730902253,"107.99099731445,33.524398803711"
城步,2.3323151353479847,"110.31199645996,26.35530090332"
德宏,2.3307865644947623,"98.584899902344,24.433399200439"
斗南,2.325785929948319,"120.48300170898,23.683300018311"
郫县,2.3246627262872286,"103.90100097656,30.795900344849"
青阳,2.310976741578872,"117.84700012207,30.639200210571"
垦利,2.307189349147066,"118.547996521,37.587501525879"
汤布院,2.294242070081885,"131.36000061035,33.265998840332"
平定,2.2920571779734624,"113.65799713135,37.786399841309"
卡夫,2.2867134059585665,"8.660059928894,36.123100280762"
墨江,2.2778423748990324,"101.69200134277,23.431900024414"
东安,2.265999339690889,"111.3247833252,26.489906311035"
达里诺尔湖,2.2574796109460458,"116.63961029053,43.292358398438"
知床,2.2574620097659106,"145.07137298584,44.012570861231"
喜德,2.253514700335625,"102.41300201416,28.306699752808"
玉山县,2.1913322146984644,"118.24500274658,28.682100296021"
五莲,2.0,"119.20899963379,35.750099182129"
伊斯梅利亚,2.0,"32.265399932861,30.583099365234"
鹰潭,2.0,"117.06900024414,28.260200500488"
三岛,2.0,"105.61994524068,21.428226791324"
苏伊士,2.0,"32.549800872803,29.966800689697"
机张,2.0,"129.22616577148,35.30464553833"
泰顺,2.0,"119.71700286865,27.556400299072"
连平,2.0,"114.48899841309,24.369600296021"
连江,2.0,"119.54000091553,26.197399139404"
亚历山大,2.0,"29.696300506592,30.762300491333"
图拉,2.0,"37.56489944458,54.163799285889"
孟津,2.0,"112.44499969482,34.825298309326"
苏丹,2.0,"30.322265625,16.214674588249"
杜塞尔多夫,2.0,"6.8102025985718,51.235458374023"
斯米兰群岛,2.0,"97.647621154785,8.6524972915649"
东澳岛,2.0,"113.7130279541,22.019487380981"
维斯,2.0,"16.182947158813,43.06032833082"
雨崩,2.0,"98.744606018066,28.318675994873"
东台,2.0,"120.32099914551,32.866798400879"
河内,2.0,"105.84999847412,21.03330039978"
巴真,2.0,"101.66139221191,14.045670770788"
澄海,1.999355863271692,"116.7559967041,23.465999603271"
罗定,1.9884642551346736,"111.56999969482,22.768600463867"
锦屏,1.915950715843132,"109.20099639893,26.676200866699"
梨树,1.902108560374176,"124.33499908447,43.307098388672"
荔浦,1.9018069067824397,"110.39499664307,24.487800598145"
辽中,1.8037847263417284,"122.7320022583,41.511798858643"
蒙纳,1.5,"77.05952167511,10.088952366343"
麻城,1.5,"115.00800323486,31.172700881958"
同仁,1.5,"102.0179977417,35.515998840332"
旌善,1.5,"128.74644470215,37.362606048584"
仓山,1.5,"119.2740020752,26.046600341797"
黎平,1.5,"109.1370010376,26.230400085449"
铁力,1.5,"128.03199768066,46.986598968506"
合江,1.5,"105.83200073242,28.811500549316"
通河,1.5,"128.74899291992,45.972400665283"
唐模,1.5,"118.33046722412,29.869878768921"
峨眉乡,1.5,"120.99900054932,24.678800582886"
萨马,1.5,"125.03900146484,11.932499885559"
漠河,1.5,"122.53900146484,52.972301483154"
镇原,1.5,"107.20099639893,35.677501678467"
永昌,1.5,"101.97299957275,38.246898651123"
安平,1.5,"115.51899719238,38.23450088501"
户县,1.5,"108.60500335693,34.108600616455"
富阳,1.5,"119.95999908447,30.048799514771"
两当,1.5,"106.30500030518,33.9089012146"
唐津,1.5,"129.9681335,33.4501738"
满洲里,1.5,"117.48000335693,49.587699890137"
加德满都,1.5,"85.333297729492,27.700000762939"
叙永,1.5,"105.44499969482,28.155799865723"
陇南,1.5,"104.92199707031,33.400798797607"
故城,1.5,"115.96600341797,37.347400665283"
丽贝岛,1.5,"99.300537109375,6.4858107566833"
南邦,1.5,"99.490898132324,18.288900375366"
汤阴,1.5,"114.3570022583,35.921798706055"
立陶宛,1.5,"23.981171875,55.360309579136"
丹凤,1.5,"110.327003479,33.69580078125"
巴卡,1.5,"6.8381243,60.9144631"
上思,1.5,"107.98400115967,22.153699874878"
道县,1.5,"111.6009979248,25.526399612427"
婆罗洲,1.5,"114.23034667969,1.0765967983064"
官渡古镇,1.5,"102.75788879395,24.955509185791"
久治,1.5,"101.48300170898,33.429500579834"
竹溪,1.5,"109.71499633789,32.318298339844"
达仁,1.5,"120.88300323486,22.299999237061"
哈密,1.5,"93.51490020752,42.818500518799"
崇礼,1.5,"115.28299713135,40.974700927734"
松桃,1.5,"109.20300292969,28.154100418091"
费拉,1.5,"25.431667,36.42"
黔西南,1.5,"104.90599822998,25.087799072266"
黑井古镇,1.5,"101.74700164795,25.369499206543"
扬中,1.5,"119.79699707031,32.234798431396"
山阴,1.5,"112.81700134277,39.52619934082"
云和,1.4999999999999998,"119.57299804688,28.115800857544"
四国,1.4999999999999392,"133.46029663086,33.669193267822"
鄱阳,1.4999999999996694,"116.69999694824,29.011699676514"
崇仁,1.4999999999994782,"116.06099700928,27.764400482178"
资阳,1.4999999999989262,"105.11807348027,30.098680859659"
会晒,1.4999999990139148,"100.62803649902,20.388563156128"
南丫岛,1.4999999938947024,"114.13440704346,22.197320790171"
那坡,1.4999994583697442,"105.83300018311,23.387399673462"
雷州,1.4999988070521182,"110.09700012207,20.914199829102"
中沙群岛,1.4999988070521182,"114.56984301562,14.93070336601"
黔南,1.49998277792977,"107.52200317383,26.254100799561"
台山,1.4999433832893858,"112.70104288395,22.027870785613"
乌拉特中旗,1.499926682148118,"108.52600097656,41.568298339844"
滨州,1.4997758987652074,"117.97100067139,37.381999969482"
小五台,1.4968931569842758,"114.99325561524,39.886083721518"
偏关,1.4945763935188925,"111.50900268555,39.436298370361"
繁峙,1.4792091536705565,"113.26599884033,39.188800811768"
祁连山,1.4715604517443448,"95.242309570312,36.214050292969"
奔迪,1.0,"75.773712158203,25.474334716797"
徐闻,1.0,"110.17700195312,20.32559967041"
平乐古镇,1.0,"103.33699798584,30.343799591064"
德兴,1.0,"117.57900238037,28.946500778198"
黄冈,1.0,"114.87200164795,30.453899383545"
寿县,1.0,"116.78700256348,32.57320022583"
挖色镇,1.0,"100.22661590576,25.828952789307"
汝城,1.0,"113.68499755859,25.532800674438"
张家港,1.0,"120.62895965576,31.900423049927"
兴平,1.0,"108.48999786377,34.299198150635"
青县,1.0,"116.83599853516,38.576400756836"
靖江,1.0,"120.27700042725,31.982799530029"
卡斯,1.0,"29.5986328125,36.37907409668"
水磨古镇,1.0,"103.42236328125,30.931950349645"
莫干山,1.0,"119.95165252686,30.576429367065"
巴松措,1.0,"93.912962079048,30.00432522363"
