id,name,score
5af99f7d200d145b36159f38,北京,3190.8969598649
5af9a005200d145b3615a07f,南京,2253.985704170737
5af99f6d200d145b36159efd,厦门,1838.530612537676
5af99f93200d145b36159f8a,上海,1792.8859364088873
5af99f84200d145b36159f6e,婺源,1732.9291667468694
5af9a207200d145b3615a257,黄山,1590.505842199553
5af99fb2200d145b3615a00c,西安,1384.5041294504535
5af99f84200d145b36159f72,青岛,1303.9126131756227
5af99f93200d145b36159fa2,杭州,1269.7204562296788
5af9a004200d145b3615a06a,洛阳,1267.423077031935
5af99fb1200d145b36159ff4,重庆,1244.3143939987144
5af9a1cb200d145b3615a20b,苏州,1229.1292163930314
5af99f7d200d145b36159f3e,江南,1180.609902215185
5af9a005200d145b3615a07c,中山,1109.0729876463747
5af9a23b200d145b3615a2d0,武汉,1068.4970355070534
5afa5155200d145b36160e20,香港,982.1080193869534
5afa36f6200d145b3615fd19,成都,973.2051953701621
5af99f7d200d145b36159f3a,日本,944.2428732275093
5af9a1c4200d145b3615a200,泰山,741.0100031615615
5af99f7c200d145b36159f2c,天津,737.5782372081152
5af99f93200d145b36159f8d,扬州,692.792220008406
5afa3786200d145b3615fe2c,广州,653.6824355738228
5af99f80200d145b36159f5c,济南,634.0916849142401
5afa50ff200d145b36160d65,牡丹,630.2130080883194
5afa524b200d145b36161183,泰国,606.8828590481313
5af9a22f200d145b3615a2aa,华山,590.2947151235977
5afa3773200d145b3615fdca,老街,575.312445057443
5af99f6d200d145b36159eff,鼓浪屿,527.0820428898847
5afa377d200d145b3615fe16,东北,499.6657707284904
5afa3701200d145b3615fd44,无锡,487.23057370207823
5afa3773200d145b3615fdd0,狮子,484.066911048263
5afa3786200d145b3615fe34,深圳,477.1949192745506
5af99f7f200d145b36159f4d,山西,441.86707381910963
5af9a230200d145b3615a2b4,天门,438.8357575735298
5afa52f4200d145b36161361,龙门,430.43160763601685
5af99f74200d145b36159f10,西塘,430.1569084973805
5af99f7f200d145b36159f45,西北,398.7859892218251
5af99f6d200d145b36159eef,桃源,394.7427421917614
5afa541a200d145b36161787,云南,390.4225523765358
5af99f9a200d145b36159fbb,湖南,383.1931712953787
5af99f7d200d145b36159f3c,成功,380.877334515385
5af9a005200d145b3615a081,太原,379.3294320378988
5af99f93200d145b36159f92,山东,377.1998874462453
5af99f7f200d145b36159f47,水上,376.03289762586564
5af99f74200d145b36159f12,乌镇,374.98655947194356
5af9a232200d145b3615a2ba,北海,374.3531133942981
5afa36f8200d145b3615fd22,九龙,374.02822523985776
5af9a07f200d145b3615a0f7,大连,362.0688869816082
5afa3786200d145b3615fe3d,开封,361.042500399624
5afa5159200d145b36160e32,宏村,357.99896267469535
5af9a004200d145b3615a06c,龙门石窟,354.76419374622424
5af9a230200d145b3615a2b0,比如,354.4513964608242
5afa53a1200d145b36161642,台湾,348.6161510378402
5afa5103200d145b36160d6d,大同,342.4846229277043
5af9a251200d145b3615a320,青海,328.3071602916074
5af99f9e200d145b36159fe0,长沙,321.35346067526797
5afa5167200d145b36160ebe,澳门,317.0625495526889
5af99f6d200d145b36159ef3,桂林,310.63836703593813
5af99f98200d145b36159fab,郑州,307.06507512310554
5af99f7d200d145b36159f32,韩国,306.13746780584137
5afa50dd200d145b36160d15,四川,305.8159973815885
5af9a250200d145b3615a2fe,西藏,301.50333154117806
5afa54ce200d145b36161964,大名,293.911688650677
5af99f6d200d145b36159ee7,盘山,293.183098022939
5afa50dd200d145b36160d06,亚洲,289.50264793533324
5af99f6d200d145b36159ef9,河南,287.8578950154061
5af99f7c200d145b36159f2a,首尔,286.54006402268305
5af99f6d200d145b36159ee9,上高,285.7925072820997
5af99f84200d145b36159f74,庆源,279.417999252563
5afa536b200d145b36161583,阳朔,265.5884882860693
5afa522a200d145b361610f5,东京,265.4902958631996
5afa524b200d145b36161187,三亚,262.87723915421964
5af9a22f200d145b3615a2a4,湖北,256.00300143860943
5afa50dd200d145b36160d04,新加坡,254.7221973742812
5afa50b9200d145b36160c63,美国,252.76727597598926
5af99f7f200d145b36159f54,黄河,252.64428438227876
5af99f7c200d145b36159f30,大树,249.56913262698836
5af9a00b200d145b3615a089,陕西,246.918501172418
5af99f93200d145b36159f90,河北,243.86691424631644
5af9a1ea200d145b3615a22a,平遥,239.54137926206687
5af99f7f200d145b36159f51,印度,237.230580791004
5af99f6d200d145b36159ee3,福州,232.07074104985
5afa3786200d145b3615fe43,广东,230.3722936866476
5af9a204200d145b3615a245,沈阳,226.40234436787998
5afa3786200d145b3615fe4d,大理,224.89592204167656
5afa503e200d145b36160bdd,浙江,223.9286737567926
5af99f73200d145b36159f08,西宁,223.11044466595462
5afa5216200d145b361610a4,江西,222.63287502932045
5afa511f200d145b36160dbb,丽江,221.68014629048724
5af99f84200d145b36159f78,安徽,218.10240432078476
5afa3786200d145b3615fe4b,泸沽湖,215.01511575553508
5af99f6d200d145b36159edf,福建,211.2545529090165
5af9a20c200d145b3615a26a,徽州,210.04171134245263
5afa50b9200d145b36160c67,太湖,209.45376449293119
5af9a251200d145b3615a314,汉中,208.0347331007987
5af99f84200d145b36159f6c,九江,204.78757285257683
5af9a204200d145b3615a24e,花都,204.16327214894451
5afa377d200d145b3615fe14,青海湖,202.1200347638129
5afa5159200d145b36160e35,屯溪,200.25553871047032
5afa5168200d145b36160ed7,张家界,200.02060776854907
5af9a009200d145b3615a086,绍兴,198.6093034244461
5af99f9e200d145b36159fd8,凤凰古镇,197.81869149434868
5afa50e4200d145b36160d41,昆明,193.34808013391842
5afa377a200d145b3615fdf3,水里,187.88350679448672
5af9a004200d145b3615a078,敦煌,185.95418314490456
5afa514a200d145b36160df5,北戴河,180.12487242628617
5afa5237200d145b3616113f,阆中,179.02519975164012
5afa5186200d145b36160faf,通道,178.54949127141288
5afa53a7200d145b3616164c,衡山,176.38413002687903
5afa3786200d145b3615fe49,九寨沟,175.32810689831012
5afa401a200d145b36160423,俄罗斯,174.8319740256359
5afa5186200d145b36160fd2,清华镇,174.02130516041072
5afa377d200d145b3615fe1a,朝阳,171.99799523193727
5afa5146200d145b36160dee,牛背山,167.90437807732178
5afa377d200d145b3615fe20,新建,167.15958975255353
5afa5167200d145b36160ed1,广西,166.369436730252
5afa401a200d145b3616041f,哈尔滨,166.1506150247215
5afa50b9200d145b36160c5f,道真,165.80906474802185
5afa5155200d145b36160e18,东南亚,165.51046324566508
5afa377d200d145b3615fe1e,和平,165.0266142990981
5af9a250200d145b3615a303,菩萨,160.89126053864618
5af99f84200d145b36159f70,景德镇,160.8157566325286
5af99f93200d145b36159f9e,江苏,159.23133332313026
5afa5103200d145b36160d70,云冈石窟,158.81569699363374
5afa5186200d145b36160fc8,日光,157.600098012101
5afa377c200d145b3615fe02,贵州,155.1521742121196
5af99f84200d145b36159f76,欧洲,153.01154760599442
5afa4015200d145b36160409,恩施,147.52817686184048
5afa50dd200d145b36160d13,埃及,144.06320823162187
5afa4019200d145b3616041a,大关,143.75198759041706
5af99f98200d145b36159fb1,樟树,142.31360992751758
5afa545d200d145b3616184c,普陀,141.2159883023859
5afa3786200d145b3615fe38,南昌,139.94179847979288
5afa5161200d145b36160e70,越南,138.52127219249806
5afa5883200d145b361627a7,中山陵,138.22228568610652
5afa5216200d145b361610a2,海南,137.51096260133588
5afa555c200d145b36161c1f,朝鲜,136.49626602217995
5af9a230200d145b3615a2ae,泰安,136.01566249063458
5afa5186200d145b36160ff9,德国,131.1643843663054
5afa50e1200d145b36160d1f,长春,129.78888376041272
5afa5184200d145b36160f78,石家庄,129.60583628762623
5afa5186200d145b36160fee,南海,129.15614853523257
5afa5fdd200d145b36164003,暹粒,128.62499462336766
5afa54f3200d145b36161a10,恒山,126.50870545996777
5afa5216200d145b361610a9,荔波,126.49834086254816
5afa5630200d145b3616207f,兴化,125.89026420475227
5af9a07f200d145b3615a0f5,大城,123.7535035572066
5afa5216200d145b3616109a,吉林,123.43164250989072
5afa5553200d145b36161be4,都江堰,123.15155170880035
5af99f77200d145b36159f1b,武夷山,122.60240447492788
5afa3773200d145b3615fdd2,石林,122.50469640328743
5afa36f8200d145b3615fd1e,和美,121.11739705255206
5afa50c4200d145b36160c9d,同里,121.11495073355465
5afa55cb200d145b36161d3f,峨眉山,121.09241636083804
5afa50ca200d145b36160cc8,唐山,120.27165753671713
5afa5308200d145b3616138b,清迈,120.10799546239292
5afa5425200d145b361617e5,法国,119.60831334684497
5afa535c200d145b3616154d,野三坡,119.18646970124044
5afa377a200d145b3615fdf0,庐山,116.20578094486116
5afa5254200d145b361611d4,乐山,115.9216305417226
5afa527a200d145b36161288,弥勒,114.340922207714
5afa50b9200d145b36160c4a,从江,114.31954821125228
5afa58f5200d145b36162876,西班牙,113.1868334874304
5af99f9b200d145b36159fc5,合肥,112.85635649461723
5afa5163200d145b36160e88,保定,112.13735334688612
5afa525c200d145b36161214,香格里拉,111.1264597158865
5af9a004200d145b3615a068,少林寺,110.46585503571896
5afa5829200d145b3616264d,平和,109.18782041101707
5afa5633200d145b3616209d,湘西,108.6021752673775
5afa517c200d145b36160eff,蒙古,107.38247762128624
5afa50b9200d145b36160c41,宁波,107.36143354841951
5afa5511200d145b36161ab1,阳西,107.09423760598585
5afa5608200d145b36161ead,大兴,106.8897789293104
5afa54cf200d145b36161971,柬埔寨,105.50539140178394
5af99f6d200d145b36159ee1,长乐,105.0321741920624
5af99fb1200d145b36159ff6,三峡,104.79741508449423
5afa5308200d145b36161386,曼谷,104.75523537263176
5afa5110200d145b36160d9e,大方,104.52513420148573
5af9a22f200d145b3615a2a8,新城,103.28091951913038
5afa5186200d145b36160ff5,希腊,102.38979726874236
5afa5510200d145b36161a9c,武当山,100.89766813848395
5afa377d200d145b3615fe18,辽宁,100.05192668653324
5afa50b9200d145b36160c6e,天水,99.54536275908205
5afa3786200d145b3615fe3a,东莞,98.78803863735216
5afa3789200d145b3615fe60,京都,98.30291082371052
5afa5167200d145b36160ec7,珠海,97.82682268223051
5afa522a200d145b36161100,春日,96.53804274364784
5afa56c9200d145b3616231a,沙巴,95.9990293390793
5af99f9e200d145b36159fde,吉首,95.6444835604334
5afa3786200d145b3615fe32,惠州,95.01395763792705
5afa58f9200d145b36162883,平江,94.4340122889854
5afa5407200d145b36161747,山海关,93.40934297356756
5afa5167200d145b36160ecb,意大利,93.20866226623131
5afa5638200d145b361620d0,遵义,92.88212005808866
5af9a24d200d145b3615a2ec,乔家大院,92.55164459523752
5afa57fa200d145b361625c3,宜昌,92.21129896552478
5afa5159200d145b36160e30,西递,91.33385019076485
5af99f9f200d145b36159fe5,日照,91.18139174824984
5afa5632200d145b36162089,皖南,90.58564807119095
5afa5422200d145b361617a2,林芝,90.11074591274964
5afa36f8200d145b3615fd27,长寿,89.86249776385576
5afa5ef7200d145b36163c62,泉州,89.82652671543072
5afa5668200d145b361621f6,佛山,89.05239580402166
5afa5bac200d145b36163220,文成,88.06627818432257
5afa4019200d145b36160418,金沙,87.85400575066326
5af9a220200d145b3615a28e,五台山,87.5223387398323
5afa5161200d145b36160e7f,吴哥窟,87.46227403658968
5afa5678200d145b36162223,田子坊,86.84932072898553
5afa36ee200d145b3615fd0a,曲阜,86.66596457519216
5afa5340200d145b36161468,山口,86.20823800648368
5afa3786200d145b3615fe41,滨海,86.06258759856394
5af9a23a200d145b3615a2cb,千岛湖,85.96289915244617
5af99fb1200d145b36159ff8,磁器口,85.38784056426441
5afa7d73200d145b361b9b3e,柳州,85.23833421949853
5afa5186200d145b36160fb3,八宝,85.08036656223328
5afa5186200d145b36160ff7,罗马,84.61332744631669
5afa54e4200d145b361619ee,临江,84.59181105069499
5afa55d2200d145b36161d7f,宜兴,83.93026563464511
5af99f9b200d145b36159fc9,天柱山,83.61439245634288
5afa5340200d145b361614a7,巴黎,83.38752433592781
5afa5a4b200d145b36162d66,新安江,82.72417640450539
5afa5180200d145b36160f22,秦岭,82.6240185846559
5afa5186200d145b36160fcf,丹东,82.33745593333747
5afa3773200d145b3615fdd4,周庄,81.62119062454437
5afa536b200d145b36161586,漓江,81.52164336871616
5afa536d200d145b36161594,龙泉,81.00069498266835
5af9a004200d145b3615a076,嵩山,80.62740564300668
5afa524c200d145b36161192,横店,80.3033064064513
5afa5490200d145b361618af,云台山,79.66199485741198
5afa400c200d145b361603e0,衢州,79.54934119457003
5afa53b3200d145b36161696,北京欢乐谷,77.87031755868996
5af9a204200d145b3615a250,白玉,77.85138107572354
5af9a250200d145b3615a30d,兰州,77.4973861758658
5afa561c200d145b36161f98,纳木错,77.31408002432407
5afa5563200d145b36161c58,汶川,76.5653891627703
5af99f7d200d145b36159f36,三星,76.46465339638794
5afa377c200d145b3615fdfa,安康,76.42574631409056
5af99f6d200d145b36159ef1,桃园,76.14634576074911
5af99f6d200d145b36159eed,永安,75.66164593152772
5afa50c2200d145b36160c82,顺德,75.62905288104294
5afa5582200d145b36161ca5,维多利亚,75.54966270906561
5af9a251200d145b3615a316,石门,75.09468597539065
5af9a24d200d145b3615a2ea,王家大院,74.33400605917093
5afa523a200d145b3616114f,涠洲岛,74.01291913995989
5afa5406200d145b36161739,普吉岛,73.83700644979602
5afa5559200d145b36161bfc,西双版纳,73.7555377182684
5afa534d200d145b361614e9,平湖,73.64661172243876
5afa54a0200d145b361618da,石潭,73.34472230680117
5af9a004200d145b3615a06f,塔林,73.11118081454848
5afa5167200d145b36160ecf,威尼斯,72.88335972036097
5afa573d200d145b3616247c,天门山,72.40085648424682
5af99f99200d145b36159fb6,信阳,72.09065492407152
5afa5235200d145b36161131,子洲,71.84181647845314
5afa604e200d145b361641de,箱根,71.36966028957573
5af99f9b200d145b36159fc7,天柱,70.96208541475677
5afa5ec2200d145b36163b30,南浔,70.32938978817425
5afa563b200d145b36162102,平山,69.98787242435954
5afa50d9200d145b36160cd7,密云,69.94990501345369
5afa6346200d145b36164905,纽约,69.32433779770317
5afa5340200d145b361614a4,沙拉,68.516486537625
5afa55ef200d145b36161e19,江山,68.48468829476516
5afa5254200d145b361611f5,永宁,68.18377096070566
5afa5180200d145b36160f24,郭亮,68.01886840393607
5afa552b200d145b36161b78,英国,67.95562200487723
5afa56b6200d145b361622f5,怀柔,67.94404923010646
5afa561c200d145b36161f8e,拉萨,67.87768469820503
5afa5155200d145b36160e29,安吉,67.67503856611785
5afa527e200d145b361612a5,阳高,67.32059445726387
5afa5604200d145b36161e7a,霞浦,67.02896296215472
5afa5744200d145b361624be,新疆,66.77594658350425
5af9a004200d145b3615a066,登封,66.68185750445265
5afa53c0200d145b361616ba,贵阳,66.53342628610655
5afa5553200d145b36161bda,千山,66.20722357119325
5afa567f200d145b36162241,文昌,66.15875431502269
5afa3786200d145b3615fe47,天长,66.13958412475863
5afa522f200d145b3616110a,台北,65.92434100975666
5afa5349200d145b361614d9,色达,65.58949698969388
5afa533f200d145b36161443,紫金,65.58922374383172
5af99f9e200d145b36159fd6,荆州,65.44659830304893
5afa55f9200d145b36161e38,新都桥,65.42825141209744
5af99f7d200d145b36159f34,利川,65.35532275946186
5afa5582200d145b36161ca7,铜锣,64.66910347979697
5afa50c4200d145b36160c98,曲水,63.73323943882337
5afa5632200d145b36162092,黟县,63.311951553555524
5afa53b3200d145b36161686,巴拉,62.898804361186684
5afa5b5e200d145b361630be,兴义,62.70228606861682
5afa516b200d145b36160edf,汉阴,62.54029472984035
5afa52b0200d145b361612ee,秦皇岛,62.30674677260765
5afa5193200d145b3616102a,天台,62.29797950862665
5afa5254200d145b361611f1,咸阳,61.30435963373827
5afa5335200d145b36161426,绵山,60.7863035661491
5af9a250200d145b3615a306,内蒙古,60.66195594135761
5af99f93200d145b36159f96,金山,60.65004295999322
5afa5110200d145b36160da7,鞍山,60.60694908897553
5afa50b9200d145b36160c5b,江北,60.555354864936675
5af9a250200d145b3615a308,甘肃,60.38995968201296
5afa522a200d145b361610e4,青州,59.95069620766481
5afa555c200d145b36161c19,延吉,59.529725829538066
5afa36f8200d145b3615fd2b,雅安,59.44212938964739
5afa5518200d145b36161ae6,银川,59.198484177195226
5afa50ca200d145b36160cb8,清东陵,59.016527463769684
5afa5f46200d145b36163d84,釜山,58.925674412304055
5afa50b9200d145b36160c51,慈城,58.310915503111666
5afa541a200d145b36161781,腾冲,58.24982863760853
5afa4019200d145b36160416,都安,57.97187856797525
5af9a22f200d145b3615a2a1,怀化,57.611333552400254
5afa53c0200d145b361616bc,花溪,57.582325692289295
5afa50b2200d145b36160c22,台儿庄,57.501169354901116
5afa5884200d145b361627b5,青城山,57.166669808921434
5afa5340200d145b3616149c,菲律宾,57.01409251868525
5afa5fc6200d145b36163f8d,天堂寨,56.79263444404578
5afa56d4200d145b36162347,青松,56.34039811888413
5afa5461200d145b36161861,黄金海岸,56.20580479695654
5afa5635200d145b361620af,浦江,56.01943203956857
5af99f6d200d145b36159ef5,南靖,55.56645025744513
5afa5235200d145b36161133,岳麓山,55.55821011000985
5afa626e200d145b3616470b,康定,55.455844684821116
5afa5520200d145b36161af8,龙脊梯田,55.40346189680627
5afa50dd200d145b36160d0e,东海,55.23797127997521
5afa522f200d145b3616110d,非洲,55.17036366499299
5afa6aae200d145b36195c5f,旺角,54.43522173316161
5afa552e200d145b36161b7e,武功山,53.95941932987983
5afa5a13200d145b36162c85,锦州,53.93874437513032
5afa552b200d145b36161b5a,缅甸,53.91899201870661
5afa5180200d145b36160f31,新乡,53.879936685359624
5afa562d200d145b3616206f,白城,53.0145457309888
5afa5424200d145b361617bf,汕头,52.78228310450035
5afa5974200d145b361629bb,西昌,52.72679400738923
5afa53d3200d145b361616dd,雁荡山,52.453276377929896
5afa552b200d145b36161b57,图们,52.24318964005084
5afa55ac200d145b36161ce2,南屏,52.07172120486456
5afa548c200d145b361618a3,象山,51.64448000152057
5afa5216200d145b361610ab,海口,51.35209362736826
5afa5353200d145b3616153f,芜湖,51.32174707914406
5afa565c200d145b361621c4,马来西亚,50.99624294926962
5afa50b9200d145b36160c43,汉堡,50.923528190523776
5afa5604200d145b36161e87,三清山,50.89318494668089
5afa5351200d145b36161512,正阳,50.35500736517482
5afa525c200d145b3616120d,束河,50.27094456384945
5afa55d0200d145b36161d68,歙县,50.152854604292365
5afa377a200d145b3615fdf6,赤壁,50.132958590914285
5afa5be3200d145b36163326,镇远,50.12741078308153
5af99ff5200d145b3615a049,湖西,49.978694529809744
5afa5186200d145b36160ffd,北极,49.47173463376897
5afa5340200d145b36161493,马尼拉,49.42706491915517
5afa593b200d145b361628f5,蓝田,49.276763345869334
5af9a250200d145b3615a301,玉门,49.139618433082774
5afa5b40200d145b36162fe6,白沙,49.092514723661424
5afa5186200d145b36160fb8,临潼,49.03495408048096
5afa50ff200d145b36160d60,徐州,48.86765659091528
5afa541a200d145b36161785,建水,48.63954474634584
5afa5616200d145b36161f46,荷兰,48.32627385488586
5afa5529200d145b36161b06,潍坊,48.21525824915472
5afa5563200d145b36161c4e,丹巴,47.91107207347101
5afa525c200d145b3616120b,玉龙雪山,47.71196271928842
5afa5180200d145b36160f20,太行山,47.541964563326424
5afa5155200d145b36160e1a,方城,47.45170230168785
5afa56d3200d145b36162329,蔚县,47.43542956258828
5afa5974200d145b361629be,马山,47.166927027850114
5afa5406200d145b36161744,巴厘岛,46.60883641037704
5afa5254200d145b361611cb,紫阳,46.6087739641022
5afa50ca200d145b36160cbe,山南,46.35388262529065
5afa7bf4200d145b361b9759,前童,46.08791004031443
5afa562d200d145b36162063,高崎,45.926633396388596
5af99f6d200d145b36159ee5,尤溪,45.768712810106834
5afa55ac200d145b36161ce6,塔川,45.631799926230926
5afa530e200d145b361613d9,北斗,44.62247111462607
5afa5882200d145b36162792,石台,44.62124412448705
5afa5315200d145b361613f2,库布齐沙漠,44.600027719255735
5afa5103200d145b36160d73,浑源,44.41836006883764
5afa536b200d145b36161578,萧山,44.36649311483318
5afa5234200d145b3616111c,安庆,44.32713456960736
5afa5553200d145b36161bd8,贡嘎,44.181439933385256
5afa54de200d145b361619c2,黄龙,44.11096265229509
5afa5193200d145b36161028,嘉兴,43.91301992344699
5afa5186200d145b36160feb,黄岛,43.617862401305246
5afa5988200d145b36162a0b,龙游,43.57494248436252
5afa5490200d145b361618b6,焦作,43.41224463506587
5afa546c200d145b3616187b,双流,43.28249020644332
5afa52f4200d145b36161355,安阳,43.251696670578525
5af9a21c200d145b3615a287,川西,42.68921177460764
5afa4019200d145b3616041c,崂山,42.28814412515744
5afa522a200d145b361610fc,大阪,41.91217410208081
5afa5563200d145b36161c4c,小金,41.84417409307357
5afa5183200d145b36160f51,大通,41.3942627479612
5afa5585200d145b36161cb6,西江,41.38304679400653
5afa626e200d145b36164707,海螺沟,41.32243996949122
5afa5186200d145b36160fcd,樟木,40.993688837050364
5af99f84200d145b36159f7a,上饶,40.934563719512454
5afa5e3b200d145b36163934,岘港,40.92661770135701
5afa513e200d145b36160de3,肇庆,40.87560036382247
5af99f98200d145b36159fae,桐乡,40.651106753792526
5afa5347200d145b361614d2,古县,40.00331304689294
5af9a232200d145b3615a2bd,白银,39.90542171599945
5afa527e200d145b3616129a,代县,39.576548762700476
5afa8735200d145b361be4b2,兰卡威,39.02099055091399
5afa57fc200d145b361625db,威海,38.96907577014295
5afa562d200d145b36162067,和龙,38.807986219756174
5afa59f0200d145b36162b97,潮州,38.78340678220818
5afa519f200d145b36161041,蒲江,38.711801444367474
5afa561b200d145b36161f78,番禺,38.611927396971296
5af99f7c200d145b36159f2e,仁川,38.55065733369211
5afa5a0c200d145b36162c44,东戴河,38.47932300774804
5afa5155200d145b36160e25,三门,38.32803307582951
5afa555c200d145b36161c1c,珲春,38.30597907997365
5afa54a5200d145b36161900,七宝,38.28379342916468
5afa5110200d145b36160da1,烟台,38.08456153310911
5afa5559200d145b36161bf4,景洪,37.95133357911335
5afa63a0200d145b361650d1,会安,37.77117974958314
5af9a232200d145b3615a2bf,嘉善,37.6770451256476
5afa5425200d145b361617e0,南宁,37.54022441096927
5afa5a02200d145b36162c0f,黔东南,37.5013202079888
5afa522a200d145b361610f3,关西,37.368825670033495
5afa5a0f200d145b36162c4d,来安,37.17943470703574
5afa593a200d145b361628e2,江宁,37.13672280468364
5afa50b2200d145b36160c27,瑞士,36.91902793664226
5afa50b9200d145b36160c48,三江,36.71667038556638
5afa856a200d145b361be2a2,南怡岛,36.558826876799664
5afa5167200d145b36160ecd,水城,36.248265326933456
5afa5b1f200d145b36162f54,社旗,36.19897371197885
5afa5633200d145b36162098,武隆,36.18727255971775
5afa533a200d145b36161436,石城,36.12665439027256
5afa50d9200d145b36160cdc,承德,36.04479895794924
5af9a22f200d145b3615a2a6,麻阳,35.91142048619734
5afa592e200d145b361628c0,吉林市,35.85560882566661
5af99ff5200d145b3615a04b,共和,35.80116725275907
5afa5ed2200d145b36163b97,晋中,35.63758086179753
5afa5110200d145b36160d99,蓬莱,35.61222933860872
5afa55fd200d145b36161e61,元谋,35.273226182500856
5afa54c4200d145b3616193a,喜洲,35.179976398990604
5afa6423200d145b36168fa9,松江,35.076766815578196
5afa55ee200d145b36161e04,武陵源,34.969162597338986
5afa522a200d145b361610f8,奈良,34.90784358099513
5afa873a200d145b361be4c3,浪卡子,34.698862064679076
5afa522f200d145b36161110,徽杭古道,34.59578479257986
5afa5237200d145b36161143,镇江,34.58362632300042
5afa5193200d145b3616102e,楠溪江,34.47096679842005
5afa5186200d145b36160ff1,丹麦,34.427267967465866
5afa50ca200d145b36160cc0,蓟县,34.38274741674797
5afa5347200d145b361614cc,祁县,34.079724378617385
5afa541a200d145b3616178f,元阳,34.043185338856816
5afa5343200d145b361614b2,常熟,33.86362230095573
5afa5a0c200d145b36162c39,泰晤士,33.86138829935943
5afa563d200d145b3616211d,土耳其,33.727482329915254
5afa55ee200d145b36161e06,石柱,33.60917097278151
5afa5edc200d145b36163bbd,常州,33.582809879482355
5afa54a5200d145b36161905,松潘,33.39262283606091
5afa377d200d145b3615fe0f,坎布拉,33.37079508661325
5afa53c0200d145b361616be,青岩古镇,33.279044599160535
5afa5f52200d145b36163de8,定州,33.25925287688801
5afa5347200d145b361614c2,延庆,33.215677770577784
5afa8abf200d145b361be8bb,洞里萨湖,32.88612439932955
5afa53d5200d145b361616e0,梵净山,32.879334197862306
5afa561b200d145b36161f86,四姑娘山,32.62709744703421
5afa5678200d145b36162227,富士山,32.57648483438038
5afa55d0200d145b36161d6e,齐云山,32.50214593592173
5afa377c200d145b3615fe00,凤凰城,32.248915809187174
5afa5f82200d145b36163ecd,南通,32.16735206181498
5afa50d9200d145b36160cde,兴隆,32.16118059348645
5afa53b3200d145b36161694,高台,32.05419608394434
5afa5424200d145b361617b9,临海,32.01710813991137
5af99f9a200d145b36159fbd,崀山,31.737558214526572
5afa5607200d145b36161e91,毕棚沟,31.579033252719928
5afa637d200d145b361649b2,凌云,31.567080155740193
5afa54a5200d145b3616190b,阿坝,31.54707471292217
5afa50ca200d145b36160cca,咸丰,31.540407330900425
5af99f6d200d145b36159efb,云水谣古镇,31.448620190684277
5afa50d9200d145b36160ce2,光泽,31.41106146914825
5afa58d8200d145b3616282d,延安,31.398112119112948
5afa552b200d145b36161b6d,长岛,31.373646497864474
5afa571f200d145b3616240e,临汾,31.261198077645997
5afa50b9200d145b36160c5d,岳阳,31.226840602951594
5afa53a7200d145b36161650,衡阳,31.21689820937746
5afa400b200d145b361603da,比萨,31.172832752773086
5afa523a200d145b3616114d,阳光海岸,31.15365186948947
5afa5e7d200d145b36163a5d,阳春,30.99946583401629
5afa53b3200d145b3616168c,始兴,30.979657718078904
5afa523a200d145b36161151,抚仙湖,30.92395336818337
5afa5665200d145b361621ec,金门,30.883134128021307
5afa5225200d145b361610ce,瑶里,30.66949186032134
5af99f6d200d145b36159ef7,怀远,30.654920208253134
5afa377d200d145b3615fe12,贵德,30.51351524548307
5afa3773200d145b3615fdce,塔里,30.37969492984579
5afa535c200d145b36161553,金华,30.34092155646843
5afa5186200d145b36160fc3,尼泊尔,30.091013943719314
5afa5340200d145b36161465,玉环,30.040536028730504
5afa6277200d145b36164719,郴州,30.00281554017324
5afa5da2200d145b361637a9,芭提雅,30.002726315398373
5afa5864200d145b361626e8,唐古拉山,29.93871373663907
5afa5a3f200d145b36162d1c,离岛,29.918870948867273
5afa545b200d145b36161826,五指山,29.850986521259586
5afa54e4200d145b361619f5,于都,29.80023456690271
5afa54fc200d145b36161a2c,安昌,29.772550165212987
5af99f7f200d145b36159f4b,李家山,29.713123187676672
5afa5ae0200d145b36162e80,广元,29.65524288251117
5afa604e200d145b361641e3,北海道,29.59352407250175
5afa5a4b200d145b36162d4b,溪口,29.560001252539077
5afa5edf200d145b36163bde,济州岛,29.426372731820045
5afa6378200d145b3616499a,延边,29.4124136413922
5afa55f9200d145b36161e3b,枸杞岛,29.34518075364555
5afa5180200d145b36160f2b,聊城,29.299727918017016
5afa56d4200d145b36162333,家朋,29.271303197532593
5afa59f9200d145b36162bc4,西欧,29.212625462924468
5afa5f46200d145b36163d8a,庆和,29.190104886011845
5af9a22f200d145b3615a29f,黄石,29.163461299967953
5af99f6d200d145b36159f01,淡水,29.15198398895991
5afa5ca5200d145b36163519,巍山,29.080551212044217
5afa5642200d145b36162189,棠樾,29.06644700282585
5afa5351200d145b36161519,乐亭,29.05152409600495
5afa5f82200d145b36163ec5,叶县,29.050676633034005
5afa5bc4200d145b361632aa,冲绳,29.002450916745104
5afa5973200d145b361629af,晋城,28.967382743483345
5afa61c4200d145b36164604,普陀山,28.883947853426953
5afa541a200d145b3616178a,临安,28.79159895073072
5afa56d4200d145b3616233c,卢村,28.628783451448978
5afa54cf200d145b36161974,福鼎,28.556938885506035
5afa5216200d145b361610b2,邯郸,28.542984063592574
5afa5308200d145b36161389,萨瓦,28.490122967015715
5afa5398200d145b3616162f,涪陵,28.413526177663414
5afa5bee200d145b36163348,晋江,28.385546100203136
5afa5161200d145b36160e7d,芽庄,28.360713126011163
5afa5bac200d145b36163218,若尔盖,28.338186981207574
5af9a07f200d145b3615a0fd,佛罗伦萨,28.16263305542049
5afa50ff200d145b36160d56,盐城,28.13475718550357
5af99f93200d145b36159fa4,奉贤,28.104120991527914
5afa527e200d145b36161298,运城,27.959803318256732
5afa5d68200d145b3616366d,斯里兰卡,27.930737811772513
5afa5225200d145b361610d9,都匀,27.925212632142113
5afa6ac8200d145b36195c8b,三明,27.851395598346734
5afa59c0200d145b36162ab8,芙蓉镇,27.74295165368975
5afa586f200d145b36162738,来凤,27.732823491635745
5afa5732200d145b3616245e,方山,27.677802459569058
5afa527e200d145b361612a3,汾河,27.647470610788652
5afa5837200d145b36162663,里拉,27.613383883599127
5af9a07f200d145b3615a0fb,杨柳青,27.235405637472077
5af9a204200d145b3615a24c,旅顺,27.062263952202482
5afa5340200d145b3616144d,张家口,27.026630354522876
5afa5761200d145b361624e9,永定,26.941153286757235
5afa36f8200d145b3615fd29,尼斯,26.918000355907914
5afa50b9200d145b36160c3e,龙岩,26.88905593664665
5afa563b200d145b361620ff,东至,26.84209011523011
5afa550f200d145b36161a57,庄河,26.830578391490334
5afa595c200d145b36162961,铁门关,26.823967828247728
5afa6096200d145b3616434d,长滩岛,26.80925995176272
5af99f74200d145b36159f14,湖州,26.809126712805856
5afa638e200d145b361649fc,福冈,26.778337295737693
5afa5347200d145b361614c4,京西草原,26.76423610429111
5afa5585200d145b36161cbc,凯里,26.743914809211944
5afa5420200d145b3616179c,丽水,26.725164101386852
5afa54de200d145b361619c9,望江,26.692545247920734
5afa60e9200d145b3616442f,下关,26.501905141402407
5afa527e200d145b3616129c,宁武,26.40661519718345
5afa50b9200d145b36160c3c,上杭,26.400985024139985
5afa525c200d145b36161212,里加,26.38118502184216
5afa5424200d145b361617b6,台州,26.34943615392417
5afa593a200d145b361628d8,清康,26.254602778563523
5afa5225200d145b361610dc,独山,26.20252028174791
5afa86ec200d145b361be478,仙台,26.14111002300241
5afa543e200d145b361617fc,自贡,25.953676881900748
5afa552b200d145b36161b51,光复,25.859112868835503
5afa3788200d145b3615fe55,五峰,25.791660343734932
5afa524b200d145b36161185,韶关,25.71979933173726
5afa7213200d145b3619f896,华欣,25.528657766760865
5afa53f0200d145b36161703,应县,25.49060789442193
5afa5cb8200d145b3616356e,爨底下,25.48119597073104
5afa527a200d145b3616128b,布袋,25.45815927354581
5afa5155200d145b36160e1e,三水,25.431982528382697
5afa53b3200d145b3616167e,爱琴海,25.40318838379879
5af9a07f200d145b3615a0f9,永和,25.388056981377424
5afa55d0200d145b36161d59,休宁,25.35364081224489
5afa592e200d145b361628c2,蛟河,25.32231178673985
5afa83ed200d145b361bde68,华蓥,25.305446784319933
5afa513e200d145b36160dde,开平,25.24213105769785
5afa555c200d145b36161c28,全州,25.195120312166328
5afa5b19200d145b36162f35,巴西,25.188971597142693
5afa5351200d145b3616150e,海城,25.04458498062875
5af99f7f200d145b36159f49,碛口,25.029394705491168
5afa5be3200d145b36163332,舞阳,24.887290566029648
5afa563d200d145b36162124,开罗,24.887146060617283
5afa5b96200d145b36163156,广安,24.880689379238923
5afa5bc4200d145b36163280,武威,24.708760813522574
5afa55c2200d145b36161d30,绩溪,24.693804543808803
5afa523a200d145b3616114a,澄江,24.661126419877284
5afa53b3200d145b36161683,墨西哥,24.5999666750662
5afa5610200d145b36161f12,呼和浩特,24.573484084842555
5afa58cf200d145b36162812,郧西,24.389250317431692
5afa5340200d145b361614a9,巴里,24.36467445625269
5afa50ca200d145b36160cbc,遵化,24.287826744398227
5afa5357200d145b36161543,沙县,24.169173969389853
5afa55ba200d145b36161cfe,大新,24.05075711876032
5afa53b3200d145b3616167b,北欧,23.897372486635877
5afa53ac200d145b36161663,台东,23.771254959194394
5afa5183200d145b36160f57,五台,23.660796280506286
5afa5bc4200d145b361632b8,民和,23.52601808341291
5afa53b3200d145b36161680,奥林匹亚,23.51824928843853
5afa7d73200d145b361b9b45,柳江,23.474787669039817
5afa5155200d145b36160e1c,好莱坞,23.38011093115499
5afa3786200d145b3615fe45,长白,23.18649362204127
5afba424200d145b361c76a9,洱源,23.13276311678214
5afa5882200d145b3616279a,贵池,23.123617371215662
5afa5511200d145b36161abe,大渡河,23.067197750095566
5afa5510200d145b36161a9f,十堰,23.04183499163461
5afa5a02200d145b36162c06,安顺,23.01756385994888
5afa5bae200d145b3616322a,襄阳,22.84231853927287
5afa649c200d145b3616ccdb,攀枝花,22.82533482592643
5afa5f63200d145b36163e37,天镇,22.692831081506327
5afa706e200d145b3619f45d,藁城,22.675786799717145
5afa5186200d145b36160fbb,元通,22.654831363390546
5afa6040200d145b3616416e,素可泰,22.629326855696217
5af99f9e200d145b36159fdb,常德,22.57521125926202
5afa513e200d145b36160dd8,从化,22.56934473278006
5afa52f4200d145b3616133f,固安,22.46416863794712
5af9a251200d145b3615a31a,南郑,22.462582765511932
5afa59d3200d145b36162b24,小洲村,22.316372947244894
5af9a251200d145b3615a318,勉县,22.250360165725933
5afa59a4200d145b36162a76,景泰,22.056126795512537
5afa8b7c200d145b361be981,虎跳峡,22.025090498159123
5afa5379200d145b361615d2,大武,21.936338385668503
5af9a20c200d145b3615a272,巢湖,21.916789833620047
5afa50ad200d145b36160c12,清远,21.907982296446143
5afa50b9200d145b36160c55,昌黎,21.868367227702336
5afa5340200d145b36161495,宿雾,21.854678543462075
5afa5254200d145b361611d8,马鞍山,21.831641967403456
5afa60e8200d145b36164425,利川市,21.81975671482523
5afa5571200d145b36161c7f,兰考,21.81375108226688
5afa5eb9200d145b36163b13,长白山,21.72428179226181
5afa6065200d145b36164281,吉隆坡,21.644616172090803
5afa69ae200d145b36195a74,北碧,21.639418414651473
5afa5864200d145b361626ea,雅鲁藏布江,21.601851901091667
5afa9093200d145b361befda,垦丁,21.594179453192854
5afa5607200d145b36161e98,映秀,21.56148176503889
5af99f7f200d145b36159f4f,龙州,21.482147791308797
5afa59b8200d145b36162a99,义乌,21.460622221973495
5afa5167200d145b36160ea2,塞班岛,21.419244694328206
5afa525f200d145b36161228,须弥山,21.342898436314524
5afa5110200d145b36160da3,胶州,21.312514131057366
5afa5fa3200d145b36163f4f,宁海,21.258308852329268
5afa55f9200d145b36161e3e,嵊泗,21.221389411450705
5afa5193200d145b36161025,永嘉,21.198497795210454
5afa5180200d145b36160f33,天山,21.06943853522844
5afa55d0200d145b36161d66,潜口,21.06012476581724
5afa5633200d145b3616209a,秀山,21.044907825087822
5afa5bae200d145b36163234,巴东,21.020300051364256
5afa5816200d145b3616261e,赤峰,20.87556420211857
5afa6492200d145b3616c7a2,夏威夷,20.85926441563322
5afa5225200d145b361610ca,后里,20.83988018670856
5afa5163200d145b36160e8b,崇明岛,20.70818556592948
5afa5563200d145b36161c49,金川,20.6778377165045
5afa517c200d145b36160f01,卡拉,20.63376461923643
5afa5425200d145b361617e3,灯塔,20.52490582887306
5afa9046200d145b361bef46,息烽,20.485330850780265
5afa7236200d145b3619f93f,巴斯,20.341453043516715
5afa5b43200d145b36163013,大湖,20.297813014019415
5afa88cd200d145b361be68d,马德里,20.28603511324837
5afa587a200d145b36162755,鱼台,20.27366363216213
5afa601f200d145b361640e0,杭锦旗,20.267816370477988
5afa5af5200d145b36162eca,太白山,20.26553269462579
5afa601f200d145b361640e4,准格尔旗,20.253661035601688
5afa5234200d145b36161118,潜山,20.221380087850143
5afa55db200d145b36161db4,陕北,20.1966679808457
5afa846d200d145b361be100,祁连,20.1890017501668
5afa5740200d145b361624a5,龙胜,20.179880772012513
5af9a251200d145b3615a31e,洋县,20.168708148974172
5afa594a200d145b36162927,九州,20.141812604102252
5afa6a83200d145b36195bfe,福清,20.116049034226478
5afa545f200d145b36161857,介休,20.04872481735465
5afa5c2c200d145b36163466,栖霞,19.99935136485473
5afa5ca1200d145b361634fe,多伦,19.97798054770334
5afa5fc6200d145b36163f87,六安,19.92514178197327
5afa3789200d145b3615fe5e,门头沟,19.781224548635866
5afa755e200d145b3619ffb6,漳州,19.776184721457373
5afa552b200d145b36161b54,泸定,19.748208043440975
5af99ff5200d145b3615a047,泰州,19.667090368485926
5afa5882200d145b36162794,金寨,19.65307844765986
5afa6333200d145b36164875,和静,19.467059008213354
5afa5e16200d145b361638e4,厄尔,19.40902118654297
5afa5b40200d145b36162fd9,门源,19.38313287340917
5afa8ddc200d145b361bec12,札幌,19.377188376012846
5afa5b6a200d145b361630ed,木渎,19.367028625453273
5afa36f8200d145b3615fd20,乐业,19.339607885431878
5afa581a200d145b36162628,白洋淀,19.29885314144248
5afa5625200d145b3616202c,白水,19.288446619864107
5afa552b200d145b36161b7a,伦敦,19.207572657527848
5afa55ef200d145b36161e13,鸭绿江,19.18267432220713
5afa5afd200d145b36162edd,大埔,19.11158236106681
5afa6378200d145b361649a8,九台,19.069642039307325
5afa7fda200d145b361bd516,晋州,19.05677966092897
5afa5338200d145b3616142d,赤水,19.050655801501872
5afa5559200d145b36161bf8,勐仑,19.03602761808311
5afa5824200d145b36162636,温州,19.032922982145546
5afa59d5200d145b36162b2c,太阳岛,19.029036626724924
5afa53a7200d145b3616164e,株洲,18.969739635406054
5afa56a0200d145b36162283,云龙,18.95549688409604
5afa5732200d145b3616245c,黑山,18.920217340560733
5afa597d200d145b361629e2,仙居,18.91353186823468
5afa536d200d145b3616159d,北安,18.780851315534328
5afa52f4200d145b36161350,新北,18.7562118685144
5afa5bc4200d145b361632b1,琼海,18.720624399063468
5afa56d8200d145b36162356,西溪,18.642219369698406
5afa54a1200d145b361618e8,滕州,18.614795609513518
5afa55fd200d145b36161e51,大分,18.55349660387881
5afa5fcb200d145b36163f99,溧阳,18.475418215896173
5afa5ba5200d145b361631bc,石泉,18.454782166044584
5afa603c200d145b3616415f,兰达岛,18.439384668024765
5afa522a200d145b361610ee,济源,18.427114323002385
5afa538c200d145b36161602,天全,18.37696063030621
5afa55f9200d145b36161e40,嵊山,18.34661315946654
5afa5161200d145b36160e81,湄公河,18.235892960458873
5afa5bfe200d145b361633b4,新郑,18.207340512043807
5afa563d200d145b36162131,卢克索,18.135564277540762
5afa401b200d145b3616042a,师宗,17.999066384052032
5afa525f200d145b3616122a,普安,17.99883858795939
5afa53b3200d145b36161691,雅典,17.988737040405635
5afa6056200d145b3616422d,北部湾,17.970415380889932
5afa5f54200d145b36163dfd,张掖,17.959206718583022
5afa5254200d145b361611d6,沙坪坝,17.928875749418005
5afa560a200d145b36161ed0,甘孜,17.928591634654477
5afa7072200d145b3619f465,任丘,17.922979236758195
5afa5180200d145b36160f26,昆山,17.827481793012424
5af99f9e200d145b36159fd4,南阳,17.825521531976182
5afa6040200d145b36164180,和政,17.635976213126014
5afa50b9200d145b36160c59,清道,17.591857420695213
5afa5a60200d145b36162dca,民乐,17.55011584463597
5afa5559200d145b36161bfa,澜沧江,17.546994139770206
5afa5ca1200d145b36163507,洛克,17.513200218663954
5afa563d200d145b36162138,阿布辛贝,17.508281589137034
5afa59d1200d145b36162aff,漳县,17.501764053092113
5af99f6d200d145b36159f03,台江,17.496662587755456
5afa59b7200d145b36162a91,太姥山,17.43985990536031
5afa50ca200d145b36160cc5,中东,17.361110914644165
5afa5837200d145b36162661,蒲城,17.353525416884846
5afa533f200d145b36161441,汤山,17.350285862143696
5afa5da2200d145b361637ab,盐田,17.170773476440758
5af9a004200d145b3615a073,偃师,17.151936483416062
5af9a250200d145b3615a30b,丝绸之路,17.12056268316247
5afa856a200d145b361be296,世宗,17.091123011427776
5afa5660200d145b361621d6,陵水,17.081353433237837
5afa5660200d145b361621d4,昌平,17.077007099007
5afa5186200d145b36160fb1,林边,17.01053221624656
5afa5a60200d145b36162dc4,华阴,16.999999999993324
5afa54c4200d145b36161941,海西,16.99659453851626
5afa56f7200d145b361623b6,云顶,16.99050345808767
5afa51a0200d145b36161048,靖边,16.987298368988366
5afa563d200d145b3616212e,阿斯旺,16.957743461070603
5afa5e40200d145b36163953,沧州,16.945533285572342
5afa50c4200d145b36160c93,正安,16.939153090530027
5afa5bc4200d145b361632a2,金塔,16.92215824313865
5afa856a200d145b361be2a4,兰西,16.906517500534846
5afa522a200d145b36161102,大社,16.9023554417714
5afa5e99200d145b36163ab3,博鳌,16.877188586235242
5afa55bc200d145b36161d01,泰宁,16.867729618158105
5afa6a83200d145b36195c00,莆田,16.86548229871909
5afa59f9200d145b36162bc6,相生,16.850475707702046
5afa548d200d145b361618a8,开阳,16.768815900951267
5afa9c54200d145b361bfef8,柯桥,16.760337713111372
5afa36ee200d145b3615fd0e,临沂,16.624999959524125
5afa5604200d145b36161e80,舟山,16.620312867401548
5afa56a3200d145b361622a7,天目山,16.59707946363525
5afa6065200d145b3616426d,亚庇,16.586585696218222
5afa5340200d145b361614a0,薄荷岛,16.568248938824745
5afa5f52200d145b36163dee,头城,16.550941801148618
5afa6465200d145b3616b0dd,惠山古镇,16.549934133693043
5afa5351200d145b36161516,盘锦,16.49994338055582
5afa503d200d145b36160bc3,甘泉县,16.450218263520846
5afa5a3f200d145b36162d19,里永,16.42031248878248
5afa5511200d145b36161aad,巴中,16.373301465461463
5afa377d200d145b3615fe0c,成安,16.348287956603095
5afa532f200d145b3616141b,商南,16.277056662557307
5afa5b19200d145b36162f32,连城,16.261434624646547
5afa50c6200d145b36160ca5,顺义,16.258735193906904
5afa401a200d145b36160425,黑龙江,16.223068849974915
5afa5bc4200d145b3616327d,甘南,16.212651695942654
5afa5374200d145b361615be,栾川,16.162137474414706
5afa6a8e200d145b36195c29,哈根,16.074396207970842
5afa5315200d145b361613ef,沙湾,16.06947615711293
5afa50b9200d145b36160c4c,奉化,16.04498486099428
5afa56fe200d145b361623cf,鲁山,16.02446713676541
5afa52f4200d145b36161343,衡水,16.016396329166277
5afa549e200d145b361618cf,加平,15.99652534385502
5af9a204200d145b3615a243,盖州,15.980781266695256
5afa5e7e200d145b36163a6f,望城,15.971197587333979
5afa56ff200d145b361623d4,彭州,15.955692771492537
5afa563b200d145b361620f6,北角,15.890632522611785
5afa5155200d145b36160e15,虎门,15.851093940269456
5afa706e200d145b3619f45b,鹿泉,15.746801815692045
5af9a204200d145b3615a247,营口,15.716069479105938
5afa5624200d145b36162005,新安,15.64424180514524
5afa54de200d145b361619c7,内江,15.63043669944825
5afa597d200d145b361629e0,通山,15.618149567058685
5afa83ed200d145b361bde6a,邻水,15.607842170654685
5afa56f6200d145b361623a4,鄱阳湖,15.605863252605033
5afa5167200d145b36160ec3,湛江,15.573570568411615
5afa5882200d145b36162798,池州,15.566794766518026
5afa5d7b200d145b3616371e,十渡,15.558770195624735
5afa5f4f200d145b36163dc4,涿州,15.528790381520507
5afa50ff200d145b36160d5b,渭南,15.503707452572048
5afa5624200d145b3616200a,绵阳,15.494131972744059
5afa55cc200d145b36161d50,无锡灵山,15.425977845235614
5afa5a21200d145b36162cbe,黄陂,15.412891934284694
5afa5a34200d145b36162d09,张北,15.383707892554662
5afa5563200d145b36161c56,理县,15.348524313704756
5afa9cd1200d145b361bffe8,花莲,15.275277292678528
5afa5f63200d145b36163e3b,新平,15.229835610933025
5afa50dd200d145b36160d11,马达加斯加,15.219878791824136
5afa53cb200d145b361616d1,抱犊寨,15.214362693749356
5afa8254200d145b361bdbd3,莫斯卡,15.19470730914055
5afa601f200d145b361640e2,达拉特旗,15.189917385602614
5afa517c200d145b36160efd,鱼池,15.160455030864902
5afa5d80200d145b3616374a,红原,15.158681670564736
5afa50c4200d145b36160c9f,西原,15.132067003854045
5afa5f63200d145b36163e32,沙湖,15.131292885218626
5afa8d01200d145b361beb56,芝加哥,15.131220726277338
5afa54a6200d145b36161910,达瓦更扎,15.120945287434466
5afa5f3a200d145b36163d3d,米兰,15.09901798236134
5afa5624200d145b36162011,茂县,15.089247186496678
5afa58d8200d145b36162833,丰都,15.018254041470282
5afa5463200d145b3616186c,水富,15.017211504905417
5afa60d0200d145b361643d9,淅川,15.015231875144401
5afa592e200d145b361628c7,牡丹江,15.0
5afa592e200d145b361628c9,靖宇,15.0
5af9a209200d145b3615a25c,东山岛,14.999994242046613
5afa3788200d145b3615fe59,柯坪,14.999993944928939
5afa56d4200d145b36162330,蚌埠,14.999986624331527
5afa94bb200d145b361bf552,巴塞罗那,14.999924954016675
5afa593a200d145b361628db,印度北部,14.99979276385246
5afa873a200d145b361be4de,黑森,14.981359587865725
5afa873a200d145b361be4dc,沙河,14.97711042415601
5afa55ef200d145b36161e2b,北川,14.97479896448468
5af99f9e200d145b36159fd2,许昌,14.88772018889624
5afa649c200d145b3616cce4,邵武,14.866069030501174
5afa536d200d145b361615a1,凤凰岭,14.792162117198064
5afa976f200d145b361bf8ae,淄博,14.748509801669945
5afa56fa200d145b361623bf,金佛山,14.722168848383
5afa97aa200d145b361bf94f,温哥华,14.707726542144586
5afa5f3a200d145b36163d3b,海地,14.667025206160574
5afa522a200d145b361610fa,名古屋,14.661691780021801
5afa58f4200d145b3616286c,钟祥,14.625325015454564
5afa97fd200d145b361bf9c2,国王湖,14.613889456224143
5afa5559200d145b36161c07,老挝,14.604480758319006
5afa57b4200d145b36162575,万州,14.586861935028631
5afa9093200d145b361befe8,恒春,14.581588836920874
5afa5225200d145b361610df,铜鼓,14.558927191993488
5afa5254200d145b361611d0,大竹,14.333963882997038
5afa5b5a200d145b3616309d,邹城,14.320320523058705
5afa873a200d145b361be4d7,不丹,14.28420208552559
5afa6a9a200d145b36195c30,留坝,14.280801561870836
5afa5f52200d145b36163de6,正定,14.275696261623153
5afa873a200d145b361be4cc,墨竹工卡,14.242935377136712
5afa573d200d145b36162479,岫岩,14.219673605530955
5afa50b9200d145b36160c57,房山,14.189002204559548
5afa5604200d145b36161e7e,东极岛,14.079346207186315
5afa8083200d145b361bd8aa,宁乡,14.031651399929668
5afa5347200d145b361614c8,本溪,13.959089272894108
5afa70bb200d145b3619f599,荣成,13.943003632554642
5afa59d5200d145b36162b2e,大林,13.896878062015345
5afa5d7c200d145b36163736,大庆,13.838076897603592
5afa5e78200d145b36163a3c,天目湖,13.77663802873178
5afa7247200d145b3619f9a3,江津,13.689901652475937
5afa863a200d145b361be3c7,北疆,13.601630504453516
5afa5261200d145b3616123a,毕节,13.571424821441948
5afba467200d145b361c783d,小田原,13.551888665432825
5afa5559200d145b36161bf6,勐腊,13.546140690555823
5afa56a0200d145b36162272,江永,13.50628059654542
5afa535d200d145b36161562,包头,13.5
5afa7fee200d145b361bd5be,迪拜,13.485981214966246
5afa7d64200d145b361b9ae2,摩洛哥,13.447733218813124
5afa5f37200d145b36163d05,唐河,13.423365721365176
5afa555c200d145b36161c2f,葡萄牙,13.340939150196036
5afa5b40200d145b36162fee,澳大利亚,13.337398226796706
5afa6f00200d145b3619a079,中阳,13.327794901221866
5afa735b200d145b3619fbb7,潮汕,13.247991020590446
5afa592e200d145b361628bd,宁安,13.24155979333434
5afa7194200d145b3619f755,仁化,13.194618499500887
5afa7d68200d145b361b9af0,和顺,13.179601381617436
5afa5516200d145b36161ac5,邛崃,13.13796963215942
5afa5161200d145b36160e79,西非,13.085432873766413
5afa5b59200d145b36163096,西柏坡,12.983569384048574
5afa54a1200d145b361618ef,盱眙,12.947251518686091
5afa6459200d145b3616aae8,康乐,12.944578240505862
5afa8513200d145b361be255,甪直,12.932605267677756
5afa59dd200d145b36162b53,遂宁,12.854012645584351
5afa5b82200d145b36163130,党岭,12.842690924001325
5afa5a4f200d145b36162d81,集安,12.796956963354184
5afaa5e7200d145b361c0e11,镰仓,12.603857120417787
5afa5407200d145b3616174a,海宁,12.587404546578801
5afa6049200d145b361641ca,天漠,12.553690127923694
5afa536b200d145b36161589,石屏,12.548714484058967
5afa5bfe200d145b361633c3,苏格兰,12.540414157541258
5afa526a200d145b3616125a,葫芦岛,12.508050302970846
5afa5d70200d145b36163695,西湖,12.503256281659342
5af99f93200d145b36159fa0,枫泾,12.5
5afa5155200d145b36160e27,来兴,12.499999997193454
5afa50bb200d145b36160c75,壶口瀑布,12.487056764558892
5afa5a72200d145b36162e03,乐都,12.486844569867214
5afa54a1200d145b361618e0,德州,12.469895073304704
5afa54ea200d145b36161a08,汤加,12.469287386234315
5afa5534200d145b36161b89,山阳,12.347153483601431
5afa56d4200d145b36162341,墨脱,12.334338801238587
5afa873a200d145b361be4da,柳林,12.32200186376796
5afa5fd6200d145b36163fb9,淮南,12.295671625131726
5afa5406200d145b36161741,达曼,12.2919754620276
5afa94bb200d145b361bf550,利维亚,12.268422571244276
5afa5391200d145b36161613,南锣鼓巷,12.187058068768327
5afa6106200d145b36164459,呼伦贝尔,12.134001921833615
5afa7236200d145b3619f94e,卡莱,12.04368422538724
5afa81ad200d145b361bdacd,酉阳,12.040899518271726
5afa6a55200d145b36195baa,大嵛山岛,12.033404967248886
5af99f93200d145b36159f9c,太仓,12.0
5afa5f37200d145b36163d07,清苑,11.99996023589424
5afa6346200d145b361648f8,临城,11.999877263827836
5afa524b200d145b36161189,会同,11.999852844156232
5afa53b3200d145b3616168f,罗索,11.996538425311133
5afa5624200d145b36162003,岐山,11.984277777935803
5afa50dd200d145b36160d0b,巴基斯坦,11.929050785107949
5afa6e61200d145b3619632f,乌鲁木齐,11.879421576853956
5afa53c0200d145b361616c5,吉海,11.872240734989527
5afa5186200d145b36161002,死海,11.867389528251731
5afa5caf200d145b36163550,新和,11.861473907847474
5afa7fdc200d145b361bd51c,定南,11.842412239538524
5afa5308200d145b3616138d,清莱,11.829032802634563
5afa54fb200d145b36161a1e,古北水镇,11.816134360423453
5afa55d0200d145b36161d79,马尔代夫,11.798984967459786
5afa561b200d145b36161f83,上海迪士尼,11.78884458010071
5afa7236200d145b3619f953,赤柱,11.759004371852512
5afa3786200d145b3615fe2f,如东,11.715076853587473
5afa8b45200d145b361be93d,林坑,11.712594405195288
5afa6383200d145b361649bd,金峰,11.686107690760169
5afa5650200d145b361621aa,石头村,11.684239930804445
5afa5a5f200d145b36162db3,塘沽,11.683336256051131
5afa5ca5200d145b3616351b,沙溪,11.661654668908653
5afa633b200d145b361648a3,理塘,11.653533508970144
5afa5a5c200d145b36162da9,霸州,11.643358195273905
5afa60cd200d145b361643c2,启东,11.635285545599285
5afa518d200d145b3616100e,洪江,11.567314458425464
5afa896d200d145b361be760,阿富汗,11.45274841080482
5afa9398200d145b361bf37c,宫崎,11.431549516984598
5afa6c5a200d145b36195e8c,会泽,11.42607547756576
5afa563b200d145b36162104,三重,11.425020781755398
5afa50b0200d145b36160c1b,英德,11.397501816889829
5afa8b7c200d145b361be986,纳帕,11.387972655581901
5afa6346200d145b361648ff,三出,11.359046328423247
5afa536b200d145b3616157a,东阳,11.29766224946612
5afa536d200d145b3616159f,永丰,11.292378271408978
5afa5633200d145b361620a4,中亚,11.226490830957072
5afa59de200d145b36162b61,呈坎,11.206869379559611
5afa5f4f200d145b36163dc9,宾阳,11.194992910799241
5afa56de200d145b3616236d,方正,11.187976327102538
5afa5866200d145b361626ff,刚果,11.148622558998804
5afa902e200d145b361bef06,池上,11.147130505577351
5afa5575200d145b36161c84,宣城,11.11201079168838
5afa806f200d145b361bd825,海棠湾,11.110572573717725
5afa549e200d145b361618cd,新园,11.100288779180737
5afa5183200d145b36160f4f,中非,11.098635263407447
5afa6065200d145b3616427c,大化,11.090802538232351
5afa5ec2200d145b36163b3a,西和,11.085709613440768
5afa5f37200d145b36163d00,顺平,11.075815220678122
5afa60d0200d145b361643d5,郧县,11.043959555947248
5afa80fe200d145b361bd9b4,江油,11.035331197031468
5afa5398200d145b36161631,皮山,10.95344322562288
5afa8b7d200d145b361be992,关岭,10.900220187855973
5afa9046200d145b361bef4e,信义,10.889205205119806
5afa5407200d145b36161750,兴城,10.84996849632959
5afa54e2200d145b361619df,邵阳,10.841613290612104
5afa5744200d145b361624bb,广德,10.826830954400457
5afa59c8200d145b36162acd,阳江,10.78587137533706
5afa58f4200d145b36162863,龙口,10.781273488877476
5afa6abf200d145b36195c79,玉树,10.745516315936403
5afa5608200d145b36161eb0,玉林,10.660427081966468
5afa70ae200d145b3619f519,修武,10.660077336256188
5afa71d8200d145b3619f7ee,毛里求斯,10.632711615340993
5af9a251200d145b3615a322,宝鸡,10.606734427573675
5afa5f38200d145b36163d13,中方,10.592409571812365
5afa8ab7200d145b361be8a6,多勒,10.57522598615543
5af99f9a200d145b36159fb9,新宁,10.499999999995302
5afa50ff200d145b36160d63,商丘,10.483686632115443
5afa5b5e200d145b361630c1,惠水,10.483098887447273
5afa5b5e200d145b361630c3,长顺,10.483098887447273
5afa5b5e200d145b361630c5,兴仁,10.483098887447273
5afa5b29200d145b36162f79,本部,10.471691941216891
5afa5180200d145b36160f28,林州,10.449773409112892
5afa6462200d145b3616af40,邛海,10.432194618190783
5afa6040200d145b3616417e,田中,10.422370021747358
5afa7236200d145b3619f95c,草原天路,10.382756132665452
5afa534d200d145b361614e3,皮卡,10.299453309449287
5afa526d200d145b3616125d,平凉,10.282443455186288
5afa555c200d145b36161c22,敦化,10.268652695591493
5afa5252200d145b361611af,关山,10.247404558701193
5afa5632200d145b36162090,泾县,10.239183718235534
5afa5161200d145b36160e7b,大叻,10.2137090859883
5afa5bab200d145b36163203,上虞,10.162862331049947
5afa806b200d145b361bd819,桓仁,10.161111858883144
5afa5e40200d145b36163959,河间,10.06756148662279
5afa55ef200d145b36161e1d,安东,10.05501306398231
5afa9093200d145b361befdf,高雄,10.048600466745476
5afa649c200d145b3616ccde,盐边,10.041913516274457
5afa6158200d145b3616452e,堂安,10.022872640253652
5afa7181200d145b3619f736,凤山,10.010892016562968
5afa5e16200d145b3616390a,达博,10.005121757174484
5afa608a200d145b361642ff,廊坊,10.001582548784329
5afa8286200d145b361bdc94,玄武湖,10.000369075564217
5afa7d95200d145b361b9bf7,高邮,9.999999999606484
5afa5bf8200d145b36163363,封开,9.997449126928338
5afa5b1b200d145b36162f4a,遂昌,9.959258591570414
5afa5155200d145b36160e23,加拿大,9.955091678856403
5af9a20c200d145b3615a26c,林同,9.937220646320252
5afa5340200d145b3616149a,克拉克,9.882484242093897
5afa563d200d145b3616214a,红海,9.877827632201457
5afa560b200d145b36161ed8,金山岭长城,9.873271136943274
5afa5e9b200d145b36163ac6,武义,9.863143884879824
5afa7da7200d145b361b9c0d,莽山,9.856828784317539
5afa59dd200d145b36162b55,合川,9.854013486401856
5afa5f4f200d145b36163dbb,霹雳,9.820300846823539
5afa5e66200d145b361639d1,吉县,9.805600426020424
5afa525c200d145b36161216,梅里雪山,9.780401804349497
5afa5ba5200d145b361631be,福泉,9.77715711786724
5afa56de200d145b3616236f,宜宾,9.746151395809788
5afa5da2200d145b361637b1,特拉,9.717608312276537
5afa55d0200d145b36161d74,大明山,9.610157118282665
5afa5f4f200d145b36163dd0,仰光,9.587511693706409
5afba467200d145b361c7847,伊豆,9.586592972913667
5afa6c62200d145b36195e98,崇武,9.571175135823726
5afa5761200d145b361624fa,铜仁,9.570167912884411
5afa55fd200d145b36161e5d,楚雄,9.55366764643246
5afa7fee200d145b361bd5c0,马赛,9.499999159182495
5afa6378200d145b361649a3,太特,9.499991880613322
5afa5340200d145b3616144f,怀来,9.478614071881394
5afa9662200d145b361bf76a,双廊,9.451903820022654
5afa5180200d145b36160f2f,壶关,9.449773409112892
5afa545f200d145b3616185b,灵石,9.428312919287599
5afa589d200d145b361627e9,南充,9.395613629767062
5afa8054200d145b361bd792,咸宁,9.380030574082037
5afa7e45200d145b361b9d8c,大岛,9.375309311917883
5afa5234200d145b36161120,黄梅,9.300100104040077
5afa5650200d145b361621af,井陉,9.296708897105052
5afa856a200d145b361be2a0,京畿道,9.275978886585149
5afa608c200d145b36164318,鄂尔多斯,9.257559806853141
5afa56f6200d145b3616239d,易县,9.245563471032431
5afa69fa200d145b36195b56,卡利,9.164833109836211
5afa50b9200d145b36160c53,慈溪,9.0
5afa50b9200d145b36160c61,西雅图,9.0
5afa593b200d145b361628f1,乌拉特前旗,9.0
5afa3786200d145b3615fe36,吉安,9.0
5afa5398200d145b36161633,玻利维亚,9.0
5afa593b200d145b361628ef,巴彦淖尔,9.0
5afa5827200d145b36162647,汉川,8.999999999999877
5afa5a60200d145b36162dc8,海法,8.999999999964363
5afa5f82200d145b36163ec3,平顶山,8.999986624331527
5afa59d3200d145b36162b20,嘉禾,8.999966350608917
5afa7236200d145b3619f951,新乐,8.998742963617754
5afa5f43200d145b36163d6c,长治,8.996296899231995
5afa5a57200d145b36162d9d,思南,8.992665366333489
5afa5744200d145b361624c0,和田,8.987103920352594
5afa562b200d145b3616203e,庞贝,8.984189714030538
5afa5678200d145b3616221e,闵行,8.96968102881423
5afa87a2200d145b361be53d,相山,8.96867599933984
5afa8753200d145b361be503,仙游,8.956453794868699
5afa60d0200d145b361643fd,新竹,8.932095187458065
5afa5616200d145b36161f4b,月坨岛,8.913920623118551
5afa939e200d145b361bf3a6,永胜,8.906915291327211
5afa54a1200d145b361618ea,汪清,8.899471718134487
5afa58b4200d145b361627f8,东港,8.89722908099598
5afa93b3200d145b361bf40b,闽侯,8.882330430209732
5afa563d200d145b36162133,象岛,8.880116783474643
5afa60d0200d145b361643f6,巨鹿,8.879135858374752
5afa5406200d145b3616173d,攀牙,8.876087388819471
5af9a251200d145b3615a31c,城固,8.8708360146849
5af9a204200d145b3615a24a,瓦房店,8.864744057102861
5afa56a0200d145b36162279,雷山,8.849808080238619
5afa5559200d145b36161c13,普洱,8.849747464802675
5afa70bb200d145b3619f595,招远,8.831029918389106
5afa5baa200d145b361631ea,塔什,8.814599221389205
5afa5610200d145b36161f27,大悟,8.806229434998126
5afa7bf4200d145b361b9770,金湖,8.800408438662421
5afa5caf200d145b3616354c,泸溪,8.794529037869214
5afa8753200d145b361be509,竹山,8.790724323430524
5afa5183200d145b36160f55,寿宁,8.7732974299781
5afa5870200d145b3616273f,王府井,8.772490731641938
5afa5f63200d145b36163e50,九里,8.753479823558058
5afa8c76200d145b361beae9,长海,8.751970906418236
5afa571f200d145b36162410,融水,8.744559585415182
5afa5bf8200d145b3616335a,德庆,8.737174101019617
5af9a24d200d145b3615a2e1,鹫峰,8.681465359626818
5afa5fc6200d145b36163f8b,罗田,8.677414369723001
5afa5ec2200d145b36163b3e,锦溪,8.675631311805056
5afa552a200d145b36161b0a,北京植物园,8.654614014633937
5afa70bb200d145b3619f597,文登,8.644162734090301
5af9a20c200d145b3615a270,三河古镇,8.604879969547008
5af9a20c200d145b3615a26e,白山,8.604879969547008
5afa50ca200d145b36160cc3,平谷,8.5980225182866
5afa563d200d145b36162122,莫斯科,8.590580823737838
5afa55cc200d145b36161d4b,剑阁,8.518294015209072
5afa55ef200d145b36161e1b,新义州,8.505075849870451
5afa5a4b200d145b36162d64,赵县,8.5
5afa515f200d145b36160e41,辽源,8.486284485530609
5afa513e200d145b36160ddc,新兴,8.46123476650899
5afa515d200d145b36160e3e,黄龙溪,8.45035410854266
5afa560c200d145b36161ee4,宁夏,8.44809683492382
5afa644e200d145b3616a4e4,贺州,8.445816565692825
5afa54a1200d145b361618e3,齐河,8.437081353627322
5afa64c9200d145b3616e47b,日月潭,8.403307045846423
5afa60a1200d145b3616436d,阿拉斯加,8.342097695725283
5afa7181200d145b3619f725,宁陕,8.331232617977356
5afa5e71200d145b36163a16,浙西大峡谷,8.297041693784951
5afa8abf200d145b361be8c9,哥里,8.286405766680868
5afa8c76200d145b361beaeb,龙海,8.255004446742731
5afa562e200d145b3616207c,石象湖,8.244253753668321
5afa59c8200d145b36162acf,海陵岛,8.200941845325943
5afa56a0200d145b36162270,兰溪,8.18988971359991
5afa975d200d145b361bf88f,博乐,8.187315082441929
5afa9301200d145b361bf27c,达卡,8.167578899823056
5afa93b3200d145b361bf416,菏泽,8.129090892992286
5afa5bae200d145b36163232,秭归,8.12572890731748
5afa5dfc200d145b36163885,深谷,8.079466883543715
5af99f93200d145b36159f94,海安,8.037331848979516
5afa7d0e200d145b361b99a6,青木川,7.987075223134277
5afa6459200d145b3616aad4,新丰,7.977938816471576
5afa5bd9200d145b361632f0,淮北,7.970567824912371
5afa5b5d200d145b361630b5,砀山,7.962925153191597
5afa7236200d145b3619f963,烟墩角,7.955043214027506
5afa563d200d145b3616212c,吉萨,7.941067842032165
5afa6184200d145b36164579,爱丁堡,7.885111504227494
5afa6f21200d145b3619a292,罗城,7.7972555477418934
5afa7d64200d145b361b9ad4,永济,7.78865140125637
5afa50ff200d145b36160d5e,三门峡,7.78425999391623
5afa8180200d145b361bda2f,漳浦,7.7406591672217475
5afa5f5a200d145b36163e1e,香港迪士尼,7.689177608712863
5afa5678200d145b36162225,瑞金,7.6388658808627286
5afa541a200d145b36161791,新街镇,7.628936084652778
5afaa5d9200d145b361c0def,旧金山,7.618998849530607
5afa56a0200d145b36162275,宁远,7.610036272386669
5afa8a51200d145b361be866,富山,7.580040256513258
5afa7213200d145b3619f899,宣威,7.563386279579875
5afa5e16200d145b361638ea,寿光,7.563280313328542
5afa73e5200d145b3619fc84,独龙江,7.559714235170183
5afa5510200d145b36161aa2,台中,7.545924700046522
5afa859d200d145b361be32a,大圩,7.5349117955446605
5afa536b200d145b3616157f,磐安,7.530201942109053
5afa5ca5200d145b36163530,剑川,7.5167569226669215
5afa873a200d145b361be4c7,安多,7.5
5afa56a0200d145b3616227b,来宾,7.5
5afa5155200d145b36160e0f,江门,7.5
5afa61ec200d145b36164662,突泉,7.499999999999997
5afa5216200d145b361610af,齐齐哈尔,7.499999999890348
5afa5585200d145b36161cba,宿迁,7.499943383289387
5afa527e200d145b361612a1,左云,7.499920228728592
5afa527e200d145b3616129f,右玉,7.499920228728592
5afa50b9200d145b36160c4f,北仑,7.499894535553312
5afa594c200d145b36162930,永城,7.4902179126897845
5afa6003200d145b3616404c,离石,7.489528621905844
5afa56fe200d145b361623c9,蓝梦岛,7.471885580251879
5afa5610200d145b36161f1c,个旧,7.450398603483293
5afa5afd200d145b36162edb,梅州,7.450228369549277
5afa6065200d145b3616427a,萨拉,7.444552634360503
5afa5b57200d145b3616308c,龙里,7.418017389154973
5afa5a25200d145b36162cc4,山形,7.397062786292777
5afa56d4200d145b3616234a,大盘山,7.365584745322405
5afa729b200d145b3619fa58,香河,7.360157423031215
5afa5553200d145b36161bd6,汉源,7.346889585619418
5afa55fd200d145b36161e56,连南,7.3339684003270165
5afa721e200d145b3619f8b6,南州,7.332468429934714
5afa721e200d145b3619f8b4,黔西,7.332468429934714
5afa93ab200d145b361bf3f7,海东,7.3290579900683275
5afa59f8200d145b36162bb9,松阳,7.3272059180221065
5afa57fc200d145b361625de,安国,7.317891688952758
5afa59b7200d145b36162a8e,平潭,7.312037417934447
5afa538a200d145b361615f5,奥塔,7.311082435661049
5afa5ef7200d145b36163c66,华沙,7.305914144442718
5afa6065200d145b36164288,美人鱼岛,7.271791197713804
5afa55fe200d145b36161e68,永寿,7.258093000635069
5afa5559200d145b36161c0f,勐海,7.2564643256425
5afa59d1200d145b36162b01,渭源,7.240876447514252
5afa59d1200d145b36162b03,卓尼,7.240876447514252
5afa5ecd200d145b36163b8f,太原市,7.231427380267056
5afa5553200d145b36161be6,新都,7.230512423896619
5afa5546200d145b36161bbe,南澳,7.229821354971698
5afa5186200d145b36160fcb,昌江,7.198110812105327
5afa5f04200d145b36163c95,布尔津,7.197752252220905
5afa5f04200d145b36163c97,白哈巴,7.197752252220905
5afa5553200d145b36161be0,雅西,7.191355901222176
5afa723f200d145b3619f97d,马尔康,7.168358695291343
5afa8504200d145b361be247,韩城,7.1607643510942
5afa5d7a200d145b361636ea,阳山,7.148496595498437
5afa5939200d145b361628d2,忻城,7.144374880374798
5afa52f4200d145b36161345,濮阳,7.095097389928362
5afa5347200d145b361614c0,丰宁,7.0946309861508885
5afa6b30200d145b36195ce1,迁西,7.053206706055933
5afa55d0200d145b36161d7c,阳澄湖,7.052184828099143
5afbb5de200d145b361c7e3b,马略卡岛,7.038855609969697
5afa5761200d145b361624f7,芷江,7.003504531428874
5afa55ef200d145b36161e11,建平,7.002691720985414
5af99f9b200d145b36159fc3,亳州,7.0
5afa55c0200d145b36161d24,安新,6.998083036782135
5afa5161200d145b36160e74,美奈,6.996970811961808
5afa8c76200d145b361beae6,碌曲,6.993053568801862
5afa8c76200d145b361beae4,临夏,6.993053568801862
5afa562e200d145b3616207a,大邑,6.9916621644215216
5afa8476200d145b361be112,苏梅岛,6.990658838433458
5afa8599200d145b361be30c,茂名,6.971664903678932
5afa5650200d145b361621a8,赞皇,6.96810601992481
5afa5d7b200d145b3616371a,当雄,6.940482405260278
5afa516b200d145b36160ee6,舒城,6.9019046287004375
5afa604e200d145b361641ee,拉斯维加斯,6.85969516086586
5afa859d200d145b361be331,华城市,6.8247728020902265
5afa706b200d145b3619f449,德阳,6.823034174830951
5afa7fee200d145b361bd5b7,杨浦,6.808860597599894
5afa5bc5200d145b361632c1,沙美岛,6.79215606578458
5afa94d4200d145b361bf58d,鲁甸,6.790815858296405
5afa5632200d145b3616208c,铜陵,6.788303849126315
5afa567f200d145b36162243,眉山,6.7757018175179455
5afa638c200d145b361649de,红河,6.758710797709553
5afa50d9200d145b36160ce0,滦平,6.7526422540505
5afa905a200d145b361bef99,澎湖,6.7506432885185585
5afa7eb1200d145b361b9f40,松山,6.7334955474543605
5afa7eb1200d145b361b9f43,松山湖,6.7334955474543605
5afa5553200d145b36161be8,新干,6.72342131400196
5afaa951200d145b361c131f,成田,6.6956351033521
5afa5665200d145b361621e9,马里,6.5825026606948045
5afa56bc200d145b36162306,木格措,6.556948003733001
5afa8180200d145b361bda4a,长泰,6.550144559794397
5afa6093200d145b3616433d,雾凇岛,6.5238291960184185
5afa5d84200d145b36163767,泰和,6.499999999879012
5afa5a02200d145b36162c0d,黄果树瀑布,6.499999933828488
5afa61a1200d145b361645bf,康提,6.463508508527387
5afa5f63200d145b36163e39,阳原,6.451165620933829
5afa54ea200d145b36161a06,枣庄,6.418432072347362
5afa802a200d145b361bd71b,库伦旗,6.4055442012946475
5afa9301200d145b361bf292,美斯乐,6.386410855977973
5afa61cd200d145b36164625,龙目岛,6.280124542814301
5afa70ae200d145b3619f539,武陟,6.258338654725398
5afa563d200d145b3616213c,凯尔,6.172021864875996
5afa5d60200d145b36163649,黄姚古镇,6.114721140390757
5afa5a6e200d145b36162df9,华池,6.0684945876305045
5afa5b40200d145b36162fde,罗平,6.057941641668295
5afa5744200d145b361624b4,商都,6.052102169914153
5afa7c1c200d145b361b97d4,霞坑,6.025561522222798
5afa9675200d145b361bf7ca,肇兴,6.009871551855303
5afa56d4200d145b3616234c,北镇,6.0
5afa50c4200d145b36160c9a,微山,6.0
5afa6277200d145b3616471d,资兴,6.0
5afa5ba6200d145b361631c1,余姚,6.0
5afa5ca5200d145b36163520,保山,6.0
5afa69c9200d145b36195ac8,洛带古镇,6.0
5afa7236200d145b3619f959,丰宁坝上,6.0
5afa50b9200d145b36160c45,兴宁,6.0
5afa5398200d145b3616162d,噶尔,6.0
5af99f93200d145b36159f98,淮安,6.0
5af99f93200d145b36159f9a,江阴,6.0
5afa9d75200d145b361c012a,三义,6.0
5afa7181200d145b3619f734,伊川,6.0
5afa53ac200d145b36161669,天祝,6.0
5afa5ee1200d145b36163be3,博爱县,6.0
5afa5f67200d145b36163e64,怒江,6.0
5afa5f4f200d145b36163dc1,邢台,6.0
5afa53ac200d145b36161667,归仁,6.0
5afa6e38200d145b36196307,定日,5.999999999999478
5afba467200d145b361c784c,布德,5.999999999991223
5afba467200d145b361c784e,约尔,5.999999999991223
5afa5340200d145b36161453,鸡鸣驿古城,5.999999993436841
5afa613c200d145b361644db,大石桥,5.9999999933376875
5afa5ca5200d145b36163517,东川,5.999999992429526
5afa522a200d145b361610eb,民权县,5.99999998645195
5afa8ab7200d145b361be8a4,斗湖,5.999999986243196
5afa8ab7200d145b361be8ac,卡帕莱岛,5.999999986243196
5afa5bab200d145b36163206,开远,5.999999711346617
5afa56a0200d145b3616227f,永福,5.999993917379457
5afa6da0200d145b361961d0,青河,5.999971309857383
5afa70ae200d145b3619f537,漯河,5.999935055368357
5afa5b19200d145b36162f3c,那曲,5.999314156522497
5afa8100200d145b361bd9c5,新民,5.9991742762443465
5afa856a200d145b361be28f,南非,5.999145574695506
5afa6c0d200d145b36195dce,嘉定,5.998817765900997
5afa5941200d145b3616290d,索契,5.998546881301182
5afa5bb5200d145b3616325b,南皮,5.997242099649712
5afa8d04200d145b361beb67,凉山,5.997221784906088
5afa5407200d145b3616174d,天鹅堡,5.996610117946509
5afa8de0200d145b361bec19,渑池,5.99548157374765
5afa8929200d145b361be71f,洛浦,5.99443268240485
5afa5424200d145b361617bb,桃江,5.993675854261398
5afa89b3200d145b361be7c6,波克,5.993057652737209
5afa806a200d145b361bd7fb,科罗拉多大峡谷,5.9927437464924775
5afa6f00200d145b3619a07d,银山,5.992461525997566
5afa54fc200d145b36161a2e,伊朗,5.9912329004872635
5afa720f200d145b3619f87c,波特里,5.983450945955255
5afa6a79200d145b36195be3,惠安,5.979172374549275
5afa99ee200d145b361bfbbb,美里,5.977828048420952
5afa99f1200d145b361bfbc0,元大都,5.97243070988549
5afa7d64200d145b361b9ae0,诺克,5.962076110451269
5afa7d64200d145b361b9adc,掸邦,5.962076110451269
5afa7d64200d145b361b9ade,匈牙利,5.962076110451269
5afa5103200d145b36160d75,别奇,5.957751239699356
5afa565c200d145b361621c8,丰城,5.947380227111488
5afa8ba8200d145b361be9c4,石棉县,5.932604465912801
5afa8a48200d145b361be856,牙山,5.925886660645379
5afa633b200d145b361648a5,稻城,5.9110408095722375
5afa8286200d145b361bdc92,马公,5.907514259071196
5afa5559200d145b36161c16,勐罕,5.895590206683647
5afa856a200d145b361be2a8,金秀,5.882874076751751
5afa5424200d145b361617c8,忻州,5.874014753027173
5afa70ae200d145b3619f53f,驻马店,5.866840699421529
5afa5aa2200d145b36162e22,湘潭,5.862623346299647
5afa7181200d145b3619f741,南美,5.836819414488567
5afa7fdf200d145b361bd547,海防,5.835870464726497
5afa5b67200d145b361630e1,洪雅,5.8340830363456115
5afa5424200d145b361617c1,康平,5.830843991404612
5afa535c200d145b36161557,华容,5.8248609253951305
5afa5463200d145b3616186a,尼斯,5.82368951872736
5afa56b5200d145b361622e9,安帕瓦,5.810883546507657
5afa563b200d145b36162106,会昌,5.8096223984395765
5afa979a200d145b361bf93a,宫城,5.809157568704097
5afa5aa2200d145b36162e1f,靖港古镇,5.80697798893827
5afa5bdf200d145b361632ff,百乐,5.806186356302532
5afa7d68200d145b361b9af6,热海,5.793754809001527
5afa7c11200d145b361b97bf,大田,5.787165092466253
5afa5408200d145b36161759,安仁古镇,5.7648422731973845
5afa856a200d145b361be294,朝鲜半岛,5.741101824759258
5afa5463200d145b36161866,沂南,5.734213130093695
5afa5c20200d145b36163435,北碚,5.723978842870466
5afa6abf200d145b36195c74,皮皮岛,5.712520075568055
5afa5fd7200d145b36163fe4,凤城,5.708902748727874
5afba467200d145b361c7851,川崎,5.708378764200685
5afba467200d145b361c784a,库尔,5.699479990914595
5afa6003200d145b36164047,万象,5.695617763121872
5afa735b200d145b3619fbbd,沙湾古镇,5.692472724769472
5afa56f7200d145b361623b0,浮山,5.680420310951837
5afa633b200d145b361648b1,甘谷,5.663342772801462
5afa6c0d200d145b36195dd0,磐石,5.625048103189979
5afa8bee200d145b361bea36,乞力马扎罗,5.612992633034755
5afa52f4200d145b36161341,肃宁,5.595097389928362
5afa54a5200d145b36161908,宿松,5.585472634029252
5afa6127200d145b36164489,菲尼克斯,5.580753310664113
5afa802f200d145b361bd74c,伊利,5.56560989721833
5afa52f4200d145b3616135a,邱县,5.550380826739524
5afa5353200d145b3616153c,当涂,5.535646803690346
5afa896d200d145b361be75b,达喀尔,5.53047889774766
5afa8180200d145b361bda3a,同安,5.5279748827563795
5afa71df200d145b3619f81d,通州,5.51072078647231
5afa902e200d145b361beec5,潞城,5.510171747293287
5afa9046200d145b361bef4c,仁爱,5.50513306572945
5afa5a4b200d145b36162d4d,查济,5.5
5afa5da2200d145b361637a7,赣州,5.5
5afa5b37200d145b36162fb3,修水,5.4983461229230395
5afa5a25200d145b36162cc6,云林,5.493489103379479
5afa57fc200d145b361625e0,刘公岛,5.48565976574165
5afa5604200d145b36161e77,连云港,5.478117619442756
5afa8171200d145b361bda05,平壤,5.4755447873896586
5afa5633200d145b361620a6,北亚,5.452050772425448
5afa8b63200d145b361be966,基辅,5.4464780786749065
5afa7d64200d145b361b9ad2,万荣,5.383418429677524
5afa8180200d145b361bda48,漳平,5.351473695144975
5afa6030200d145b3616412b,乐清,5.326820608562347
5afa54e2200d145b361619e1,邵东,5.275817406491195
5afa54a5200d145b3616190d,海门,5.249763391262702
5afa54a1200d145b361618f6,兴县,5.234145934427243
5afa5811200d145b36162606,富裕,5.2187926055473355
5afa5d7c200d145b36163733,川北,5.2185278252376985
5afa5f38200d145b36163d17,兴坪,5.210086287356027
5afa5f48200d145b36163d95,东平,5.208240031831535
5afa5aff200d145b36162ee5,西乡,5.159071029564662
5afa965c200d145b361bf72c,远安,5.122666829174968
5afa70c8200d145b3619f5c6,曲阳县,5.106731447108007
5afa8204200d145b361bdb30,沽源,5.083171992064841
5afa60d0200d145b361643f8,高阳,5.0654714862151415
5afa5b68200d145b361630e7,前门,5.050118389146625
5afa856a200d145b361be2b0,阿联酋,5.028216996698383
5afa55fd200d145b36161e58,济宁,5.021911667094228
5afa57bd200d145b36162587,广武,5.020067255188279
5afa6006200d145b36164054,大足,5.012116553382207
5afa64b9200d145b3616dc70,武定,5.007789442351042
5afa7831200d145b361a103f,打横,5.0
5afa8bee200d145b361bea1e,达日,5.0
5afa5e11200d145b361638c5,对马,5.0
5afa5f52200d145b36163de0,榆社,5.0
5afa5f52200d145b36163de2,阳泉,5.0
5afa5845200d145b36162686,禹王台,5.0
5afa77dc200d145b361a04ca,哥伦比亚,4.998870853999109
5afa5e0d200d145b361638a3,宁强,4.997231988282278
5afa5543200d145b36161baf,楚河,4.983563755422913
5afa8bee200d145b361bea31,灵宝,4.975281993530585
5afa5f38200d145b36163d23,加勒比海,4.972342198377292
5afa6065200d145b36164284,富源,4.9697570901947525
5afa9a9d200d145b361bfcd3,茶胶,4.969259924314294
5afa7d64200d145b361b9acb,盐池,4.959840602819915
5afa8f37200d145b361bee0d,春川,4.9585353190922925
5afa573d200d145b3616248b,普兰店,4.941993706931632
5afa92bf200d145b361bf1f6,阿里,4.910092159704629
5afa5dfc200d145b36163889,篁岭村,4.895656969605104
5afa5d7b200d145b3616370d,波密,4.881901829753717
5afa563d200d145b36162142,博卡拉,4.844044346773608
5afa5f38200d145b36163d11,林顿,4.819592990733133
5afa5424200d145b361617ce,五寨,4.815636506593772
5afa5624200d145b3616200d,平武,4.7957917888590025
5afa563d200d145b3616213e,布城,4.782322570129273
5afa8cca200d145b361beb30,淳安,4.779851795733012
5afa918c200d145b361bf126,甲米,4.746552598624374
5afa8504200d145b361be245,宜川,4.7016972203004475
5afa5610200d145b36161f2b,轿子雪山,4.6928999227711214
5afa8504200d145b361be243,安塞,4.670992932821951
5afa560c200d145b36161ee1,沙坡头,4.670040982168331
5afa5cd7200d145b36163588,东西冲,4.659535824146624
5afa54a1200d145b361618f2,淮阳,4.634551848192407
5afa5c60200d145b36163481,翠华山,4.63302601692542
5afa5e40200d145b3616395f,周村,4.620653636905297
5afa645b200d145b3616ab9d,通化,4.617328930912633
5afa6089200d145b361642e8,和硕,4.5762504416132685
5afa575d200d145b361624dd,黑水,4.562276987945617
5afa9752200d145b361bf87e,鲅鱼圈,4.5
5afa5ca5200d145b36163538,泸州,4.5
5afa7236200d145b3619f969,昔阳,4.5
5afa59cf200d145b36162aee,尖石,4.5
5afa9b39200d145b361bfdac,里昂,4.5
5afa7bf7200d145b361b9788,新华,4.5
5afa6f21200d145b3619a294,翼城,4.5
5afa78df200d145b361a5925,富民,4.5
5afa8488200d145b361be156,上林,4.5
5afa5678200d145b36162233,贞丰,4.5
5afa552b200d145b36161b75,道因,4.5
5afa8a77200d145b361be87e,龟峰,4.5
5afa8b53200d145b361be959,塔塔,4.5
5afa5ca5200d145b36163533,互助,4.5
5afa88c3200d145b361be663,唐克,4.499999999999913
5afa56f6200d145b361623ab,湖口,4.49999999999967
5afa5340200d145b36161498,卡拉克,4.499999999998068
5afba444200d145b361c7779,威宁,4.49999999998541
5afa513e200d145b36160de0,恩平,4.4999989971514465
5afa5a28200d145b36162ce2,三尖,4.4999979107973305
5afa59c8200d145b36162ad1,闸坡,4.4998994950733495
5afa536b200d145b3616157c,诸暨,4.499796817226923
5afa69e4200d145b36195b0c,嶂石岩,4.4997427766317015
5afa97fd200d145b361bf9c0,阿尔卑斯山,4.499631415161431
5afa84ff200d145b361be231,简阳,4.498755723737078
5afa7d30200d145b361b9a04,潭柘寺,4.497183401279559
5afa5814200d145b3616260a,常州恐龙园,4.49524224541107
5afa567f200d145b36162247,柳江古镇,4.4917360478584785
5afa5510200d145b36161aa6,丹江口,4.491241159076071
5afa9059200d145b361bef95,太和,4.489190344555861
5afa524a200d145b36161178,六盘山,4.4780077466249
5afa560c200d145b36161ee6,贺兰山,4.467990631629258
5afa6033200d145b36164146,辉县,4.463093458919623
5afa5180200d145b36160f2d,平顺,4.4497734091128915
5afa9301200d145b361bf299,通海,4.4274878493710474
5afa6093200d145b36164335,亚布力,4.426040956829783
5afa97fd200d145b361bf9b9,瓦茨,4.40686080495133
5afa6333200d145b36164863,锡林郭勒,4.379335498397485
5afa8265200d145b361bdc1d,瑞丽,4.3302517934653455
5afa8271200d145b361bdc43,花垣,4.311704455639665
5afa7e3f200d145b361b9d6c,澳门半岛,4.292565866276826
5afa5f63200d145b36163e47,安县,4.2757775678377286
5afa8432200d145b361bdfda,里斯本,4.267410149764851
5afa5bc4200d145b361632b3,万宁,4.248841993388751
5afa9ce3200d145b361c002d,果阿,4.233201855614497
5afa55ef200d145b36161e16,宝山,4.2215196736011285
5afa612c200d145b36164493,南平,4.214575633855633
5afa8180200d145b361bda3c,安溪,4.211654582731092
5afa5e7e200d145b36163a7f,上里,4.197516798795004
5afa56fa200d145b361623bb,圆明园,4.1920885606056215
5afa6398200d145b36164cb0,袁家村,4.174520999799326
5afa70a2200d145b3619f503,交口,4.1741668915704055
5afa9160200d145b361bf104,中山古镇,4.158805137599799
5afa706b200d145b3619f44d,宝兴,4.129656743408121
5afa57ab200d145b3616255c,榆次,4.077970653884786
5afa8180200d145b361bda41,南安市,4.0537668907145825
5afa97fd200d145b361bf9b3,奥地利,4.0347651033141485
5afa90a5200d145b361bf032,北投,4.025220416246355
5afa69f0200d145b36195b30,大夫山,4.000371281044519
5afa377c200d145b3615fdfe,江都,4.0
5afa5bf8200d145b36163367,郁南,4.0
5afa63a0200d145b361650d8,下川岛,4.0
5afa5a4b200d145b36162d60,德克萨斯,4.0
5afa7c2e200d145b361b97ff,响水湖,4.0
5afa8437200d145b361be00e,加来,3.9974433996546064
5afa56a0200d145b3616226e,永州,3.988156160675927
5afa647b200d145b3616bc2c,杜马盖地,3.986765139031856
5afa58f4200d145b3616285f,横山,3.9781816444767593
5afa5d7a200d145b361636e6,滦县,3.946229267212757
5afa5607200d145b36161e9c,米亚罗,3.9256233532852542
5afa5f5c200d145b36163e23,巫溪,3.924935405637078
5afa567f200d145b36162245,峨山,3.9122844074070335
5afa8330200d145b361bdd63,襄汾,3.9086015989893386
5afa5511200d145b36161ab6,荥经,3.88886824301594
5afa5f63200d145b36163e3d,武宁,3.873217430455917
5afa7edb200d145b361bafb9,宜章,3.8468836104720174
5afa8074200d145b361bd86b,防城港,3.839623225480705
5afa6093200d145b36164337,雪乡,3.821838224493945
5afa8180200d145b361bda4f,永泰,3.8201679436396834
5afa6131200d145b361644b1,塔比拉兰,3.7997207429478483
5afa5bfe200d145b361633bb,基隆,3.789440212673548
5afa5620200d145b36161fc2,西沙群岛,3.7744520709817055
5afa6158200d145b36164535,万隆,3.7689436736499866
5afa6065200d145b36164275,仙本那,3.7417337398340096
5afa78df200d145b361a5906,中爪哇,3.6481372899532585
5afa78df200d145b361a5909,爪哇岛,3.6481372899532585
5afa7e90200d145b361b9eeb,昌吉,3.629302922559236
5afa8054200d145b361bd798,崇阳,3.6280787332762583
5afa5ab0200d145b36162e31,遂平,3.5394724474449535
5afa563d200d145b36162128,东欧,3.5
5afa5f38200d145b36163d1d,勃生,3.5
5afa5610200d145b36161f21,马林,3.4642257697137966
5afa5618200d145b36161f69,龙川,3.3943296807687275
5afa7e15200d145b361b9d03,十三陵,3.2524078937002927
5afa8434200d145b361bdfeb,中卫,3.2466944098303068
5afa6131200d145b361644af,邦劳,3.1905083791636493
5afa5607200d145b36161ea7,龙虎山,3.1103451564839
5afa92bf200d145b361bf1f8,蜈支洲岛,3.0004179000950497
5afa93b3200d145b361bf409,千叶,3.0
5afa902e200d145b361beed0,西华,3.0
5afa94d4200d145b361bf591,岛原,3.0
5afa52f4200d145b36161353,鹤壁,3.0
5afa55c0200d145b36161d1f,巴约,3.0
5afa8e31200d145b361becac,乌尤尼,3.0
5afa8182200d145b361bda63,伊犁,3.0
5afa8cca200d145b361beb26,府中,3.0
5afa7fdf200d145b361bd53c,圣彼得堡,3.0
5afa5a1f200d145b36162cba,大田县,3.0
5afa52f4200d145b36161358,广府镇,3.0
5afa5941200d145b36162913,江川,3.0
5afa5d51200d145b36163622,名山区,3.0
5afa806a200d145b361bd7f4,朔州,3.0
5afa5b9d200d145b3616319f,明溪,3.0
5afa5b9d200d145b361631a1,韶山,3.0
5afa5ca1200d145b361634fc,永兴,3.0
5afa5bab200d145b361631f4,永年,3.0
5afa5bae200d145b3616322e,奉节,3.0
5afa8599200d145b361be316,浏阳,3.0
5afa806a200d145b361bd803,马关,3.0
5afa5725200d145b36162440,剑桥,3.0
5afa8613200d145b361be381,临高,3.0
5afa94d4200d145b361bf58b,称多,3.0
5afa5afd200d145b36162ed9,河源,3.0
5afa70ae200d145b3619f53c,孝感,3.0
5afa7d55200d145b361b9a87,黔江,3.0
5afa5e40200d145b36163956,盐山县,3.0
5afa70b1200d145b3619f568,伊卡,3.0
5afa7247200d145b3619f999,山梨,3.0
5afa7181200d145b3619f73e,长阳,3.0
5afa62ce200d145b36164777,诸葛八卦村,3.0
5afa7bf4200d145b361b975b,基多,3.0
5afa7d64200d145b361b9ac0,吕梁,3.0
5afa7d64200d145b361b9ad0,河津,3.0
5afa9a0e200d145b361bfbed,大丰,3.0
5afa633b200d145b361648a7,亚丁,3.0
5afa604e200d145b361641f1,普里,3.0
5afa7d55200d145b361b9a8b,缙云,3.0
5afa69ec200d145b36195b1a,卢氏,3.0
5afa7d64200d145b361b9ad9,潼南,3.0
5afa7567200d145b3619ffeb,普诺,3.0
5afa7567200d145b3619ffe9,秘鲁,3.0
5afa7567200d145b3619ffe7,复活节岛,3.0
5afa524b200d145b3616118b,高领,3.0
5afa3789200d145b3615fe62,戒台寺,3.0
5afa735b200d145b3619fbc0,西平,3.0
5afa70ae200d145b3619f531,潼关,3.0
5afa7c11200d145b361b97c2,南戴河,3.0
5afa5ef7200d145b36163c64,永春,3.0
5afa645b200d145b3616aba1,平泉,2.9999999999997526
5afa6459200d145b3616aaca,林西,2.999999999997524
5afa6459200d145b3616aae6,丹佛,2.999999999997524
5afa56fe200d145b361623cb,金巴兰,2.999999999611333
5afa5287200d145b361612b8,留尼汪,2.999999716287334
5afa55e8200d145b36161df1,乌海,2.9999996972575373
5afa7512200d145b3619fefb,印度尼西亚,2.9999996555167963
5afa5d84200d145b36163765,东营,2.9999987923853144
5afa8b63200d145b361be968,白俄罗斯,2.9999986713972584
5afa8d04200d145b361beb64,江安,2.9999950805335067
5afa97fd200d145b361bf9be,贝希特斯加登,2.9999913468644435
5afa7d71200d145b361b9b34,江西省,2.999984645876041
5afa552b200d145b36161b73,随州,2.9999614602431204
5afa552b200d145b36161b71,随县,2.9999614602431204
5afa566c200d145b3616220c,兴和,2.9999579230419595
5afa5d3b200d145b361635d4,带广,2.9999029418223437
5afa755e200d145b3619ffb9,海沧区,2.9998678917057418
5afa55f9200d145b36161e47,天等,2.9997960424735552
5afa55f9200d145b36161e42,石浦,2.9997960424735552
5afa9301200d145b361bf280,下田,2.9997483573807595
5afa61c4200d145b36164602,广平,2.9996980989026367
5afa6e38200d145b361962fe,布拉格,2.9990960315720923
5afa9301200d145b361bf28f,委内瑞拉,2.998870853999108
5afa9301200d145b361bf283,诺拉,2.9987642747878835
5afa706b200d145b3619f455,神木,2.9980233391253117
5afa97fd200d145b361bf9bc,维希,2.9966101179465086
5afa567f200d145b3616223e,西岭雪山,2.9962221829038267
5afa9301200d145b361bf27a,印度南部,2.995988976785314
5afa61ee200d145b3616466b,笛吹,2.995934304398716
5afa6466200d145b3616b134,松坪沟,2.9941319727440585
5afa801d200d145b361bd6c5,瘦西湖,2.9936269194212635
5afa6029200d145b36164113,孝昌,2.9926515785880285
5afba46b200d145b361c78a1,仙桃,2.9926366061324443
5afa823f200d145b361bdbb3,民丰,2.991943076626176
5afa81f1200d145b361bdb0a,中宁,2.990919666947655
5afa7e3a200d145b361b9d4a,皋兰,2.9903771031791493
5afa8180200d145b361bda37,南欧,2.9898796476101475
5afa9398200d145b361bf36a,南沙群岛,2.9895253282429812
5afa70c8200d145b3619f5cf,茅山,2.9894783681811288
5afa8180200d145b361bda33,六鳌,2.9843787028640056
5afa96ba200d145b361bf80a,鼋头渚,2.9841680789924823
5afa88d4200d145b361be6bc,宾川,2.9839877264896337
5afa7c09200d145b361b97ae,海晏,2.9833872058169435
5afa566c200d145b36162203,比利时,2.983202210828511
5afa5aff200d145b36162ee9,镇巴,2.9824461548997863
5afa9398200d145b361bf364,文莱,2.9808161949209486
5afa580b200d145b361625e9,三亚湾,2.980298206101065
5afa800d200d145b361bd67c,靖西,2.978370698908723
5afa57fc200d145b361625d8,定远,2.977953008343974
5afa7e3a200d145b361b9d46,泰来,2.9747966745900882
5afa55bc200d145b36161d04,于田,2.9747298868966325
5afa6470200d145b3616b673,涛岛,2.974543410980388
5afa56b6200d145b361622f7,黄花城,2.973226731978108
5afa90a5200d145b361bf038,九份,2.9731911286476302
5afa90a5200d145b361bf036,平溪,2.9731911286476302
5afa61c4200d145b361645fb,科林斯,2.972629683747542
5afa5749200d145b361624c7,友谊,2.9721118989046555
5afa8180200d145b361bda59,德化,2.971404114107419
5afa9cad200d145b361bffc6,治多,2.966582502119897
5afa9772200d145b361bf8dc,瑞昌,2.963150940918833
5afa8dd7200d145b361bec02,茶卡盐湖,2.9599823504379845
5afa5d60200d145b36163638,扶风,2.9595385576402573
5afa9093200d145b361beff4,饶河,2.957791921443492
5afa6e2e200d145b361962e7,边和,2.9543833610193966
5afa7947200d145b361a85bf,荻,2.944698373768393
5afa5d60200d145b3616363f,乌兰布统,2.9424347123285512
5afa6055200d145b3616421b,商城县,2.93381869964016
5afa7eab200d145b361b9f30,万安,2.9286769253997247
5afa5610200d145b36161f19,延寿,2.923220724493847
5afa80c4200d145b361bd94e,嵊州,2.92225019704661
5afa5559200d145b36161c00,布朗,2.9198372970747246
5afa8432200d145b361bdfa2,高树,2.9162766635544752
5afa604f200d145b361641fc,木兰,2.9159482423686214
5afa561a200d145b36161f6f,酒泉,2.913473583498261
5afa5e99200d145b36163ab9,保亭,2.9068701087947915
5afa61a1200d145b361645c4,汉班托塔,2.902664801313165
5afa88d4200d145b361be6ac,盐津,2.9022501915135326
5afa88d4200d145b361be6aa,昭通,2.9022501915135326
5afa55d0200d145b36161d5b,祁门,2.9014864918047696
5afa5b33200d145b36162f98,福卡,2.8900956591002656
5afa92a3200d145b361bf1d8,洱海,2.8863667026243816
5afa5dc1200d145b361637ed,高淳,2.885335099468686
5afa56a0200d145b36162281,德文,2.8794157379467973
5afa6333200d145b36164861,塞罕坝,2.8793354983974853
5afa5f63200d145b36163e44,平远,2.8777397652640295
5afa9cd7200d145b361bffff,高要,2.8735517864175724
5afa8180200d145b361bda4d,蔡村,2.8712124593247816
5afa60a4200d145b36164391,乌克兰,2.868385793951781
5afa5744200d145b361624b8,科隆,2.8642387711023063
5afa5744200d145b361624b6,新德里,2.8642387711023063
5afa602f200d145b36164126,连州,2.8637769548340053
5afa93ab200d145b361bf3fe,孝义,2.8560387523412767
5afa6032200d145b3616413a,湟源,2.85314381887488
5afa7e74200d145b361b9e50,崆峒山,2.8499724822739965
5afa7d2b200d145b361b99c8,恒河,2.8486683372867594
5afa7e3a200d145b361b9d4c,内丘,2.8386676457476674
5afa91fc200d145b361bf17c,多伦多,2.8353922816184087
5afa9ca3200d145b361bff87,岜沙,2.8260141324191075
5afa6423200d145b36168fad,上海辰山植物园,2.8260034775039906
5afa61a1200d145b361645af,热浪岛,2.7989849812165897
5afa7e3f200d145b361b9d6a,路氹城,2.7925658662768265
5afa566c200d145b36162208,厄尔,2.7925395431645685
5afa904d200d145b361bef58,错那,2.7723724389111246
5afa8180200d145b361bda46,华安,2.7719624041986077
5afa83fe200d145b361bdeaf,金浦,2.7709247577034213
5afa8054200d145b361bd79e,通城,2.764561802288493
5afa6333200d145b3616485f,克什克腾旗,2.7595295678312217
5afa9160200d145b361bf107,龚滩古镇,2.7498622682897205
5afa8054200d145b361bd795,东源,2.74375883237441
5afa7e45200d145b361b9d82,桐庐,2.7372364375394467
5afa5610200d145b36161f14,乌兰察布,2.7273470140429508
5afa8401200d145b361bdeb7,紫云,2.719885007102357
5afa930e200d145b361bf2ca,茂宜岛,2.714541978152416
5afa5fd8200d145b36163ff3,海阳,2.713848093784632
5afa7d73200d145b361b9b43,造桥,2.7131294675400413
5afa6a03200d145b36195b81,霍城,2.7089373140143005
5afa7e45200d145b361b9d94,浙南,2.7080688455667703
5afa729b200d145b3619fa5b,丰润,2.6880986804496056
5afa5553200d145b36161bdd,广汉,2.6843209334734266
5afa5d7c200d145b36163731,夏河,2.6817358674626828
5afa7ee2200d145b361bb2b8,英格兰,2.6693777611336156
5afa5d7c200d145b36163726,定西,2.6668510514479857
5afa93ab200d145b361bf3f2,庆元,2.6574682640851948
5afa7d2b200d145b361b99ca,斯帕,2.638856794478772
5afa5fd8200d145b36163fe9,乳山,2.5951838867376185
5afa555c200d145b36161c2c,江口,2.5916321666167272
5afa8271200d145b361bdc46,永顺,2.5402620658917567
5afa97fd200d145b361bf9b5,萨尔茨堡,2.5381549853676395
5afa88d4200d145b361be6b2,海盐,2.5320180420985
5afa9d71200d145b361c010e,多哈,2.5319902351929784
5afa82fe200d145b361bdcfb,惠灵顿,2.5266253370269562
5afa9662200d145b361bf767,地中海,2.5198488686632596
5afa88d4200d145b361be6b4,玉溪,2.508732742108204
5afa6131200d145b361644ad,黄岩,2.5004179000950524
5afa7299200d145b3619fa48,福岛,2.5
5afa61d2200d145b36164647,九华山,2.499894535553313
5afa6056200d145b36164229,合浦,2.48895855318309
5afa9cac200d145b361bffba,加普,2.485817885443546
5afa9c97200d145b361bff62,金沙江,2.4834629028629376
5afa56fe200d145b361623cd,登巴萨,2.464091163658213
5afa805b200d145b361bd7cf,定边,2.449476758611532
5afa61a1200d145b361645b7,科伦坡,2.440227222406945
5afa5d7c200d145b36163728,秦州区,2.427716619716988
5afa57a7200d145b36162549,涞水,2.4193952137091594
5afa8244200d145b361bdbba,抚州,2.4093018453414032
5afa6055200d145b36164219,大别山,2.4056905802119206
5afa805b200d145b361bd7c9,练塘,2.3925337487083143
5afa9ca3200d145b361bff94,榕江,2.3539040342408004
5afa8029200d145b361bd70f,佛坪,2.3451169730902253
5afa8a48200d145b361be85b,城步,2.3323151353479847
5afa9d82200d145b361c0164,德宏,2.3307865644947623
5afa54e4200d145b361619f0,斗南,2.325785929948319
5afa7c73200d145b361b985e,郫县,2.3246627262872286
5afa5fd6200d145b36163fbe,八公山,2.3117739085054474
5afa5632200d145b3616208e,青阳,2.310976741578872
5afa5d84200d145b3616376b,垦利,2.307189349147066
5afba41b200d145b361c7625,汤布院,2.294242070081885
5afa7cdb200d145b361b9960,平定,2.2920571779734624
5afa8613200d145b361be37c,卡夫,2.2867134059585665
5afa5559200d145b36161c03,墨江,2.2778423748990324
5afa5f63200d145b36163e54,东安,2.265999339690889
5afa6333200d145b36164866,达里诺尔湖,2.2574796109460458
5afa6346200d145b36164923,知床,2.2574620097659106
5afa5563200d145b36161c52,喜德,2.253514700335625
5afa5604200d145b36161e89,玉山县,2.1913322146984644
5afa78df200d145b361a5904,雅加达,2.1499928116762845
5afa5d24200d145b361635b7,五莲,2.0
5afa57d9200d145b361625aa,颐和园,2.0
5afa563d200d145b36162148,伊斯梅利亚,2.0
5afa6089200d145b361642df,鹰潭,2.0
5afa6021200d145b361640ee,三岛,2.0
5afa563d200d145b36162146,苏伊士,2.0
5afa530e200d145b361613e1,劳斯,2.0
5afa90cc200d145b361bf081,机张,2.0
5afa7d8e200d145b361b9bc5,泰顺,2.0
5afa932d200d145b361bf2fc,连平,2.0
5afa7fdd200d145b361bd532,连江,2.0
5afa563d200d145b36162144,亚历山大,2.0
5afa5f3a200d145b36163d40,图拉,2.0
5afa5bfe200d145b361633bd,孟津,2.0
5afa5be9200d145b3616333b,锦里,2.0
5afa563d200d145b3616213a,苏丹,2.0
5afa5f45200d145b36163d76,杜塞尔多夫,2.0
5afa5f3a200d145b36163d39,斯米兰群岛,2.0
5afa5f4a200d145b36163d9f,东澳岛,2.0
5afa5624200d145b36162017,虎牙大峡谷,2.0
5afa8330200d145b361bdd67,尼亚加拉,2.0
5afa8c42200d145b361bea7b,维斯,2.0
5afa5473200d145b36161890,雨崩,2.0
5afa5424200d145b361617d1,东台,2.0
5afa5bde200d145b361632fb,红螺寺,2.0
5afa7230200d145b3619f8d8,河内,2.0
5afa6089200d145b361642e5,巴真,2.0
5afa8f3e200d145b361bee26,澄海,1.999355863271692
5afa5ec6200d145b36163b4a,罗定,1.9884642551346736
5afa5c2a200d145b36163450,锦屏,1.915950715843132
5afa5563200d145b36161c50,梨树,1.902108560374176
5afa7269200d145b3619f9f9,荔浦,1.9018069067824397
5afa5f34200d145b36163cfc,德鲁,1.8847401902058367
5afa841f200d145b361bdf07,京西古道,1.8065550191987856
5afa5816200d145b36162623,辽中,1.8037847263417284
5afa9301200d145b361bf271,蒙纳,1.5
5afa9160200d145b361bf0fd,麻城,1.5
5afa9301200d145b361bf29f,同仁,1.5
5afa93ab200d145b361bf3ed,旌善,1.5
5afa9d03200d145b361c0059,长安,1.5
5afa9d75200d145b361c0134,仓山,1.5
5afa9ca3200d145b361bff9a,黎平,1.5
5afa6a79200d145b36195be6,铁力,1.5
5afa6346200d145b3616492d,合江,1.5
5afa555c200d145b36161c2a,通河,1.5
5afba415200d145b361c7600,唐模,1.5
5afa827d200d145b361bdc5c,峨眉乡,1.5
5afa823f200d145b361bdbaf,萨马,1.5
5afa823f200d145b361bdba3,漠河,1.5
5afa81f1200d145b361bdb03,镇原,1.5
5afa81f1200d145b361bdb01,永昌,1.5
5afa8054200d145b361bd79b,安平,1.5
5afa8006200d145b361bd634,户县,1.5
5afa7e45200d145b361b9d80,富阳,1.5
5afa7d73200d145b361b9b40,两当,1.5
5afa5d7a200d145b361636f2,唐津,1.5
5afa5d69200d145b3616367f,巴图,1.5
5afa5d80200d145b36163752,满洲里,1.5
5afa7d2b200d145b361b99c5,加德满都,1.5
5afa7590200d145b361a002a,叙永,1.5
5afa5d80200d145b3616375d,陇南,1.5
5afa5f63200d145b36163e4a,故城,1.5
5afa5f63200d145b36163e4e,沙河,1.5
5afa6040200d145b3616416a,丽贝岛,1.5
5afa6040200d145b36164178,南邦,1.5
5afa70b2200d145b3619f574,汤阴,1.5
5afa6093200d145b36164331,立陶宛,1.5
5afa69f3200d145b36195b3a,丹凤,1.5
5afa6131200d145b361644b4,巴卡,1.5
5afa8307200d145b361bdd27,上思,1.5
5afa8001200d145b361bd626,道县,1.5
5afba41c200d145b361c764c,婆罗洲,1.5
5afa88d4200d145b361be6a7,官渡古镇,1.5
5afa55d0200d145b36161d62,久治,1.5
5afa55d0200d145b36161d6b,竹溪,1.5
5afa8f37200d145b361bee03,达仁,1.5
5afa8e77200d145b361becec,哈密,1.5
5afa8e77200d145b361bece6,崇礼,1.5
5afa5633200d145b361620a0,松桃,1.5
5afba439200d145b361c7719,费拉,1.5
5afa88d4200d145b361be6c3,黔西南,1.5
5afa88d4200d145b361be6af,黑井古镇,1.5
5afa9d83200d145b361c0166,扬中,1.5
5afa8432200d145b361bdfde,路环岛,1.5
5afa57bd200d145b3616258a,山阴,1.5
5afa9770200d145b361bf8c5,云和,1.4999999999999998
5afa69d2200d145b36195ad6,圣保罗,1.4999999999999996
5afa9cd7200d145b361bfffd,四国,1.4999999999999392
5afa8919200d145b361be6fd,鄱阳,1.4999999999996694
5afa8244200d145b361bdbbd,崇仁,1.4999999999994782
5afba442200d145b361c7757,资阳,1.4999999999989262
5afa99e2200d145b361bfb98,会晒,1.4999999990139148
5afa8187200d145b361bda7a,南丫岛,1.4999999938947024
5afa8287200d145b361bdc9c,那坡,1.4999994583697442
5afa9d5b200d145b361c00a0,邛崃天台山,1.4999990023817285
5afa9398200d145b361bf36e,雷州,1.4999988070521182
5afa9398200d145b361bf368,中沙群岛,1.4999988070521182
5afa9734200d145b361bf869,黄石国家公园,1.49999792792987
5afa5620200d145b36161fb8,黔南,1.49998277792977
5afa88b0200d145b361be62e,怀希,1.4999517157031894
5afa5585200d145b36161cb8,台山,1.4999433832893858
5afa7e3a200d145b361b9d4f,西固区,1.4999373459444123
5afba42b200d145b361c76c8,乌拉特中旗,1.499926682148118
5afa7e90200d145b361b9eef,慕田峪长城,1.4998240082090226
5afa976f200d145b361bf8b0,滨州,1.4997758987652074
5afa5d4b200d145b3616361b,小五台,1.4968931569842758
5afa819e200d145b361bda96,偏关,1.4945763935188925
5afa6002200d145b3616402e,繁峙,1.4792091536705565
5afa846d200d145b361be105,祁连山,1.4715604517443448
5afa826d200d145b361bdc3c,奥林匹克公园,1.0
5afa6aae200d145b36195c5d,奔迪,1.0
5afa6056200d145b36164235,徐闻,1.0
5afa6346200d145b361648f3,平乐古镇,1.0
5afa605a200d145b3616423d,百万葵园,1.0
5afa825e200d145b361bdc03,居庸关,1.0
5afa9ca7200d145b361bffa3,德兴,1.0
5afa5618200d145b36161f67,黄冈,1.0
5afa5604200d145b36161e82,福山,1.0
5afa5fd6200d145b36163fbc,寿县,1.0
5afa9c97200d145b361bff57,挖色镇,1.0
5afa7194200d145b3619f757,汝城,1.0
5afa7299200d145b3619fa46,张家港,1.0
5afa7e47200d145b361b9db0,兴平,1.0
5afa806a200d145b361bd811,青县,1.0
5afa8797200d145b361be530,靖江,1.0
5afa7c31200d145b361b9808,卡斯,1.0
5afa7c73200d145b361b9862,水磨古镇,1.0
5afa82a6200d145b361bdcc7,大觉寺,1.0
5afa7ca0200d145b361b98a4,莫干山,1.0
5afa5d7b200d145b36163716,巴松措,1.0
